UUID,Title,"First Name","Last Name","Street Address",Barangay,Municipality,Province,Country,"Phone Number","Mobile Number","Company Name","Company Website","Job Title","Favorite Color",Birthdate,"Email Address",Password
17fb3749-2b0c-3eec-82b7-708c65fd324b,Mrs.,Noel,Schulist,"73/18 Terry Mall",Pagadian,Baguio,"New York","Saudi Arabia",873-240-871,"(0906) 193-7464","Blick Ltd",gleason.com,"Plasterer OR Stucco Mason",gray,2017-08-02,garrett.runte@gmail.com,mf_Cjt4]!cooND
0430d5c3-bce5-398e-a8dc-a78c43b7a199,Dr.,Izabella,Bosco,"12A/78 Lowe Turnpike",Mandaue,Dasmariñas,"South Dakota",Nepal,189-401-016,"+63 (974) 831-2439","Stehr LLC",purdy.com,"Oral Surgeon",fuchsia,1999-10-09,altenwerth.candice@hotmail.com,lpzqoj3rr9o3e|
7e2aee7a-4457-3b62-a4f0-17be440f5144,Mr.,Torrance,Breitenberg,"26/36 Jast Rapids Suite 737",Batac,Isabela,Texas,Netherlands,839-047-265,"(0999) 121-8850",Lindgren-Mills,dach.com,Council,navy,2014-05-03,halie.johnston@yahoo.com,"gXW""K,<*V6V8;"
c28a1970-e076-3fde-aa72-0e29472d3819,Dr.,Beryl,Smith,"52 Gleichner Harbors Apt. 591",Sagay,Butuan,Oregon,Somalia,709-267-537,"(0911) 404-6779","Mitchell, Sporer and Grimes",simonis.com,"Social Sciences Teacher",white,2001-09-02,gertrude85@yahoo.com,"F>O]'Lk""Q\6|d"
30ec1002-749a-33c2-84ed-097e7547ae76,Miss,Isai,Beahan,"61A Hintz Station",Carcar,Escalante,Wisconsin,Djibouti,135-761-781,"(0920) 303-0492",Baumbach-Deckow,beer.com,"Loan Interviewer",navy,1978-05-15,qmcclure@yahoo.com,"D}e\&]Vz_N"
d33f0230-37e1-3ce3-a526-f2c49827cc5f,Miss,Laney,Connelly,"82A/73 Strosin Lakes Suite 298",Tagbilaran,Carcar,Texas,India,602-381-759,"(0937) 495-3389","Wolf LLC",connelly.com,Chiropractor,fuchsia,1997-03-08,lyda25@yahoo.com,EWG2'ft
f0bc455f-f836-3766-ac0a-d1647cc37607,Ms.,Shirley,O'Reilly,"59 Hyatt Fork Suite 425","La Carlota",Bislig,"New Jersey",Mayotte,552-157-006,"+63 (939) 469-8700","O'Hara LLC",macejkovic.org,"Control Valve Installer",black,1999-01-24,ohara.anika@mosciski.net,CPdhH@s!b`_
dc43e8c4-e062-35dd-b348-73dabe213fee,Dr.,Maryjane,Gerhold,"64A Moen Greens",Butuan,"Puerto Princesa",Nevada,Benin,266-277-722,"+63 (943) 638-0143",Morar-Swift,gerhold.com,Engraver,aqua,2004-07-10,wbarrows@gmail.com,VA+TUX}QqJ=504'n-0
10f064fe-b7ad-306d-8260-ea8a5b58a7f8,Prof.,Mckenna,Romaguera,"89 Morar Oval Suite 890",Ilagan,Parañaque,Vermont,Gabon,390-346-557,"+63 (998) 478-7652","Morissette Group",wiegand.com,Actor,aqua,2008-02-07,bbogan@becker.net,BRr`0(IR
89985bcd-9925-3011-a028-12b86918be27,Dr.,Ernest,Hane,"51 Boehm Circle",Taguig,"Masbate City","New Jersey",Nigeria,880-483-085,"(0915) 699-7135","Lemke Inc",hansen.biz,"Home Entertainment Equipment Installer",aqua,1993-08-29,daniel.ewell@gmail.com,"yJ=`[%8M,=gVupnQZ*^"
2650f8e4-b50e-3604-b9f9-ce3b2fa7b715,Prof.,Mitchell,Klocko,"90A/61 O'Keefe Street",Ormoc,"Masbate City",Maryland,"French Southern Territories",832-435-288,"(0940) 511-6084",Wunsch-Denesik,sporer.com,"Real Estate Appraiser",maroon,2021-03-05,willms.reuben@gmail.com,c{ZXiy
4723a19e-a628-3948-8910-d27be64e3d24,Dr.,Mavis,Kertzmann,"69 Hudson Greens",Himamaylan,Dumaguete,Georgia,Tajikistan,891-691-250,"+63 (921) 805-9025","Johns, Larson and Volkman",goldner.info,"Space Sciences Teacher",purple,1996-05-09,prosacco.marietta@hotmail.com,M/c%2wR}OLxU
3d600c47-fd4e-3e6b-8fc8-f16ea3f374fa,Miss,Art,Greenholt,"62A/91 Pfeffer Causeway Suite 531",Talisay,"San Pablo",Missouri,"Svalbard & Jan Mayen Islands",754-677-189,"+63 (925) 739-3099","Casper, Larson and McLaughlin",vandervort.com,"Industrial Engineer",green,2004-07-30,hgottlieb@yahoo.com,"$2(f,k"
07ee5cb9-13e5-34f3-bffa-f97e737252b7,Prof.,Nils,Gislason,"73A/82 Pfannerstill Stream",Lamitan,Naga,Alabama,"United States of America",618-484-160,"+63 (916) 053-7888","Wolf Inc",leannon.net,"Healthcare Support Worker",olive,1992-08-19,payton.nienow@hotmail.com,D0J|Bp(iQ`
ad320bf4-49cc-3214-a40b-0b5fbf1c6d9e,Prof.,Leonard,Deckow,"79/37 Terry Loop Apt. 939",Calamba,Angeles,Nebraska,Luxembourg,338-801-871,"(0978) 858-0118",Halvorson-O'Hara,oreilly.com,"Aircraft Rigging Assembler",silver,1996-11-29,roy96@ullrich.com,7KI&Y%v(nkS
098d43f6-5a59-3632-82bf-46059c8702b3,Dr.,Van,Shanahan,"73/29 Kertzmann Lodge Apt. 506",Olongapo,Sipalay,Mississippi,"Libyan Arab Jamahiriya",304-561-201,"+63 (948) 354-1342","White Group",von.net,Dispatcher,yellow,1991-01-26,mozell.breitenberg@gmail.com,):5o$eP$+L
f087ee6a-0076-33c8-9043-c50f68f9c8bd,Miss,Fletcher,Trantow,"55A Zulauf Heights Apt. 999",Victorias,Bais,"New Jersey",Vietnam,539-982-011,"+63 (947) 024-9638","Wunsch Group",anderson.info,"Private Household Cook",silver,1977-03-09,judd.littel@ferry.org,"b$Lq,h?"
b9cb8766-6f23-378f-94cb-0a26d4614002,Dr.,Lyda,Berge,"19 Towne Land Apt. 896",Valenzuela,Parañaque,Georgia,Congo,546-672-103,"(0928) 640-3352","Morar LLC",hackett.com,"Locomotive Firer",navy,2006-02-18,kreichel@hotmail.com,Sdr.r3
8a70230e-3755-3be0-b382-c08f72effad7,Prof.,Flavie,Littel,"02A Macejkovic Lights",Koronadal,Ozamiz,Kentucky,Germany,907-860-524,"+63 (929) 266-2217",Barton-Medhurst,boyer.info,"Fabric Mender",maroon,1984-09-07,nupton@ziemann.org,"%,StSmpbaI9n1<}4"
43b1b708-983d-3fc2-9082-67268aabe1d6,Dr.,Maximillia,Schmitt,"45/88 Larson Lodge",Valencia,Bayugan,Ohio,Bolivia,775-888-271,"(0928) 055-2784",Luettgen-Wilderman,oconner.biz,Dancer,navy,2018-10-28,sincere12@yahoo.com,j+^j9I6QJTv]ey0DG
3fea7fa7-00d0-3172-bb52-008f584dec78,Miss,Odie,Padberg,"24A/57 Kuhn Ranch",Koronadal,Borongan,Oklahoma,Malaysia,992-780-869,"(0927) 266-2542","Schinner LLC",ankunding.com,"Production Inspector",blue,1985-12-21,collier.agustin@gmail.com,"tsz0tRSw\LG&mYfBOs%A"
2fca12f6-2186-3730-8a97-23b75659e357,Prof.,Estelle,Reichert,"58A Botsford Ridges Suite 305",Baguio,Baybay,Louisiana,"Equatorial Guinea",841-480-368,"(0915) 525-5608",Kshlerin-Johns,nicolas.net,"Communication Equipment Worker",aqua,1989-05-24,marquardt.ernestina@ebert.org,"T)LhsdaB6*""`hi%nI"
a3980c75-2e3e-3ebb-b5ac-bfb9f4558e27,Mr.,Alta,Pagac,"39A Heathcote Loaf",Tabaco,Tanjay,"South Carolina","French Southern Territories",867-316-049,"(0817) 206-1863","Lockman, Hackett and Greenholt",christiansen.com,"Machine Tool Operator",silver,2000-10-04,jewel.cummings@hotmail.com,7RS<lva:%$=D&~2_y5Z:
84ca1f02-3a66-3baa-9cf0-0875e14616fd,Mr.,Tamia,Reynolds,"98A Littel Points Suite 915",Caloocan,Antipolo,Pennsylvania,Iceland,173-652-342,"(0921) 941-7037","Bartell and Sons",cummerata.com,"Aircraft Launch and Recovery Officer",green,2011-10-06,oswaldo86@douglas.info,=60wa-OJ9<
2c950599-6af2-34b4-971b-ac567e28df2d,Mr.,Beverly,Simonis,"65/78 Ritchie Wall Suite 753",Tacurong,"Santa Rosa",Maryland,"Solomon Islands",129-973-497,"(0925) 715-4430","Fahey, Ritchie and Schneider",hilpert.com,"Septic Tank Servicer",green,2010-12-07,minnie78@collins.biz,%=<3l5Dwn^j/r[{re
cf4c3be3-e3c3-3054-9de8-f684b606c365,Mr.,Jeanie,Schneider,"70/57 Pouros Drive",Digos,Talisay,Ohio,"New Zealand",469-975-267,"+63 (917) 735-8824","Hauck and Sons",bogisich.info,Obstetrician,navy,1978-09-06,king.rey@cummings.org,(e]79Xq/+kyA0wuw
7f967472-b5de-37d7-b87e-5f97ba82b989,Prof.,Pearline,Hermann,"97A/08 Veum Unions",Maasin,Tayabas,"South Carolina",Guam,239-809-348,"(0916) 068-2796","Hoeger Inc",tillman.com,"Surgical Technologist",fuchsia,1978-08-17,ellis.turcotte@gmail.com,"|X,!,Xw4j9u*J"
6f5a9896-3cd2-3346-9e9d-537eab37b3dd,Miss,Noemi,Smith,"07A/09 Maggio Village Suite 202",Silay,Calamba,Oregon,Monaco,320-644-799,"(0918) 189-4823","Lockman Inc",strosin.com,"Drywall Ceiling Tile Installer",blue,1986-02-23,powlowski.ignatius@yahoo.com,b$cWLUvb?J&|RPM
183a3578-bac9-3038-b56a-ab0b846ef28f,Miss,Rowena,Upton,"57/32 Beatty Street",Cabanatuan,Cauayan,Vermont,Cyprus,015-171-750,"(0935) 644-7252","Waelchi, Kub and Kihn",cormier.com,"Home Appliance Repairer",black,1990-02-27,ajast@hotmail.com,{qkI_#t/<uqJZ%84|
674bf1bb-9f07-3152-8fa9-0f862c425e32,Prof.,Caleb,Mertz,"56/34 Zulauf Knolls Suite 314",Parañaque,Victorias,"North Carolina",Cameroon,721-395-786,"+63 (935) 691-6400","Green Inc",schmeler.com,"Mechanical Engineering Technician",maroon,2018-12-19,celine74@kshlerin.net,v?Qs`6}ru*Y`TW{HM4tr
2076a6ea-0e82-30c1-85cd-ea8a7f98efae,Mr.,Duncan,D'Amore,"77 Wisozk Field Suite 889",Roxas,Navotas,"New Mexico",Djibouti,925-942-461,"+63 (927) 338-2506","Mueller LLC",johnson.com,Welder-Fitter,lime,1991-09-24,langosh.terrell@yahoo.com,{Y'^?#0_o#.uA^BiGDj
b8f7e147-801d-3476-b052-5834775cc206,Prof.,Clarabelle,Tremblay,"31A/51 Ziemann Forges",Tabuk,Santiago,Vermont,Gibraltar,287-457-607,"(0933) 294-0271","Keeling, Weimann and Franecki",conroy.com,Engineering,green,2003-07-05,evert74@ondricka.net,0qEQnlV(oH3b
c66b7ad2-8e2e-3873-85e4-b67c23cfce6d,Dr.,Hailee,O'Conner,"11 Corkery Plains",Naga,Muntinlupa,"New York","Palestinian Territories",962-321-017,"+63 (922) 802-8312","Heathcote, Barrows and White",yundt.biz,"Fish Game Warden",gray,1974-02-09,gkohler@hotmail.com,"nz,8y6R[JnJZ}O.""{"
2f7f5df4-c4a7-376a-bbaa-c58c88a66783,Miss,Okey,Littel,"24A Hayes Drive Suite 058","Davao City",Dumaguete,Vermont,Panama,557-089-903,"(0948) 347-7863","Wiza, McKenzie and Considine",morissette.com,"Maintenance and Repair Worker",blue,2019-04-28,heaven.leannon@reinger.info,;$Dz(8wV'lqy
7a6cfa57-3b35-3a3b-9ac4-1b6205433d88,Mr.,Retta,Romaguera,"28A Roob Villages",Malabon,Valenzuela,Oklahoma,Ecuador,179-531-830,"(0936) 903-6521","Cassin PLC",watsica.biz,"Janitorial Supervisor",fuchsia,1977-11-06,reinger.saul@lind.info,C)}8[yE<:R2d*V~
c656a0c4-7cbe-30fa-b734-b03abaab4ace,Dr.,Jenifer,Kassulke,"21A Orn Divide Suite 325",Laoag,Pagadian,"North Dakota","Antarctica (the territory South of 60 deg S)",725-778-666,"(0933) 594-5180",Goodwin-Bednar,bailey.biz,"Dental Assistant",navy,1988-10-01,harvey.emery@schoen.com,"p{7>8yRJ_{vn4c""a"
0111b917-c529-315c-a9ab-b40c42bad477,Miss,Kendall,Ziemann,"88 Swaniawski Plains","San Pedro",Tagum,Alabama,Seychelles,659-235-879,"(0935) 288-4117","Gaylord Group",oreilly.com,"Fire Fighter",blue,2015-07-20,lambert18@walter.net,x.4UBLO3F4c[EOXh;Z
4e254324-f122-35af-958b-b2e39443bdcf,Prof.,Mafalda,Jenkins,"47A/13 Goodwin Walks Apt. 710",Lamitan,Dapitan,Iowa,Malawi,515-893-611,"+63 (977) 060-5298","Stokes Group",will.com,Jeweler,navy,2008-02-04,witting.titus@homenick.com,"[<#y6X'z/#E=M.5$Ca,m"
07780930-ae61-34a7-b28d-4a01bb9b7fe9,Ms.,Melba,Stiedemann,"84A Kuhn Land","San Carlos",Tangub,Connecticut,Uzbekistan,607-269-555,"+63 (935) 473-0562","Rogahn, Zboncak and Kris",langworth.com,"Telephone Station Installer and Repairer",teal,2004-05-24,rory53@bahringer.com,:+PKF_Pi?J~nW}DV}TN^
4184df03-142e-323d-a87c-e81f6cef85e9,Ms.,Erich,Sauer,"81A Kris Canyon",Muñoz,"Cebu City",Wisconsin,Poland,174-114-801,"+63 (937) 289-5660","Gaylord, Mraz and Lebsack",osinski.com,Therapist,aqua,1978-09-16,koch.porter@eichmann.info,"=ehG^YFm_4eYfJ%\Zt"
75b78091-320a-341c-ba44-bc9f178076d3,Prof.,Viola,Steuber,"78A/96 Langworth Pass Suite 446",Talisay,Talisay,Maine,Azerbaijan,715-270-682,"+63 (922) 438-5675","Schulist, Hill and Kozey",christiansen.net,"Computer Repairer",green,2023-05-04,neva.wisozk@hotmail.com,"1/j=h0BN5.,W-W?Tq"
1de44f62-b1fa-3d94-8b4f-5a0358e40fb9,Dr.,Keyshawn,Armstrong,"44 Ebert Walk Apt. 410",Iriga,"Cotabato City",Connecticut,Hungary,145-902-854,"(0971) 840-0857","Kulas and Sons",smitham.com,"Law Clerk",blue,1970-01-30,xheaney@crona.biz,3O#@]tR~3ZEf#L
bbd052d1-2fa6-326b-b161-e0e78839e3ac,Mr.,Loren,Effertz,"58A Dibbert Lakes Suite 711",Valenzuela,"Surigao City",Wyoming,Palau,582-571-120,"(0928) 284-5861","Hermann, Altenwerth and Schaden",cummerata.com,"Pressure Vessel Inspector",white,1976-01-17,xryan@yahoo.com,i+Gm4Y7ab7B
583da8d3-a2c1-37c8-8653-6f2de9af7a58,Prof.,Loraine,Feeney,"47A Boehm Extension","Las Piñas",Antipolo,"New York","Cocos (Keeling) Islands",883-619-914,"+63 (900) 526-3244","Botsford and Sons",wilderman.com,"Nonfarm Animal Caretaker",blue,1977-06-05,eleanore.bahringer@hotmail.com,r&-9NVQ6%P$|Qm
2c2fa2e0-4d85-3a0f-b9ea-fa4f5a6de5f3,Mr.,Shanie,Walter,"37 Ortiz Radial",Bacolod,Imus,Maine,Haiti,155-840-421,"+63 (943) 275-7027","Nader, Schumm and Franecki",hodkiewicz.com,"Medical Secretary",black,1987-10-11,mskiles@klocko.com,"\V@aNa"
9e391007-ce5c-3d3a-a3f4-ba6a02fcd844,Dr.,Carlee,Cummerata,"30/85 Kilback Center",Danao,Mandaluyong,Florida,Iraq,423-808-331,"(0999) 448-5114","Waters Inc",bernier.com,"Transportation Manager",purple,1985-06-15,feil.zoie@durgan.com,rG^^G=q(H0e5[@2U3j
73838b14-afbd-3b72-86fc-aae4b4fac2d7,Dr.,Elwyn,Dare,"35/37 Jacobson Islands",Maasin,"San Carlos","New Hampshire",Chad,915-012-747,"(0973) 197-0294","Lueilwitz Ltd",heathcote.com,"Government Property Inspector",black,1977-01-21,alex.weimann@hotmail.com,"]cbe,_2Y/?RI4/n"
462ccd58-1c01-3c56-b056-9cd0a8c1bb98,Mr.,Lulu,Schaefer,"63A/14 Tremblay Trafficway Apt. 329",Caloocan,Balanga,Missouri,Taiwan,799-763-067,"(0980) 014-9173","Lubowitz and Sons",bogisich.biz,"Infantry Officer",navy,2015-01-15,ally38@hotmail.com,l.55]1dwb8WN
23af70d4-c202-3b78-8f87-0be602fd7687,Mrs.,Isac,Schmitt,"70/52 Toy Islands Suite 160","Surigao City",Tanjay,Wisconsin,"Cape Verde",767-422-546,"+63 (940) 210-3743","Wintheiser, Runte and Schaefer",mueller.com,"Word Processors and Typist",purple,2021-01-20,pkshlerin@yahoo.com,qwSl=Wm{)`~F
7d9b9a0d-29ef-37b6-b47e-f480f4a301dc,Mr.,Vito,Jerde,"55/57 Purdy Port Apt. 072",Bacolod,Bislig,California,Tanzania,023-259-810,"(0908) 792-8471","Funk Group",walsh.org,"Agricultural Crop Worker",yellow,1976-10-18,mante.blaze@wuckert.com,dwAv!/<wZT'i;G
d00e1803-207d-3727-bccf-25dd17e68e47,Mrs.,Therese,Oberbrunner,"50A/50 Lockman Vista Suite 774","Batangas City",Olongapo,Virginia,"Saint Pierre and Miquelon",470-976-238,"(0997) 099-5726",Wintheiser-Bailey,emard.com,"Manager Tactical Operations",silver,2008-04-30,saltenwerth@yahoo.com,;$ofRcg>5!wiVC
1d75159e-df69-3a5b-8dfb-039768d1edf8,Prof.,Dasia,Jenkins,"86A Wiegand Courts Suite 175","El Salvador",Cabuyao,Nebraska,Yemen,768-348-131,"+63 (978) 993-7249","King LLC",fadel.com,"Sales Engineer",purple,1986-06-06,sean.buckridge@hamill.com,"Ld%e""V-vFkUFFAwz0w"
a311e0f0-0c7f-3472-aa20-a6b5bc790ca3,Prof.,Marianne,Brown,"26 Yundt Rue",Dipolog,Lipa,"West Virginia",Montserrat,376-248-427,"+63 (917) 792-2640",Bogan-Durgan,durgan.info,"Traffic Technician",black,2012-06-03,rvandervort@gmail.com,0I25)}
bf2bbf8b-14c9-392d-a515-1ebe5f23c834,Mrs.,Estella,Sipes,"40A/21 Carroll Manors",Tanjay,Marikina,"New Jersey",Nigeria,120-449-484,"+63 (905) 305-8563","Boyle Inc",harber.com,Waitress,navy,2013-05-17,rahul.boyle@kuhn.com,-zQ$_uaKb
0b205011-2622-3fcd-b1df-e7411a36e487,Prof.,Meredith,Blanda,"23 Labadie Parks",Bislig,"Puerto Princesa","New York","Sao Tome and Principe",286-768-556,"+63 (973) 184-1543","Hudson Ltd",watsica.org,"Law Clerk",teal,2003-01-02,gkertzmann@gmail.com,d?RyCO9NVr
84916fae-c9df-3e31-9429-2819e8de0b63,Ms.,Carol,Sipes,"26A/39 Shanahan Crest Apt. 990",Panabo,Silay,Nevada,Suriname,956-480-215,"+63 (978) 551-4185","Nicolas PLC",shanahan.info,"Metal Molding Operator",teal,2009-03-23,doyle.dustin@gmail.com,"B-H""2YyKs]o'2DsI6L"
714ea019-45d6-3ef2-97bb-a6acf69bd19d,Dr.,Keegan,Legros,"47 Rau Crossing","Santa Rosa",Palayan,Maine,Mozambique,328-930-647,"+63 (999) 194-6589",Monahan-Zboncak,feeney.com,"New Accounts Clerk",maroon,2001-11-16,heidenreich.verlie@kassulke.com,E[$8dX7*
704bac11-4c68-35ce-aa38-6dd44f52bdfd,Dr.,Frank,Cremin,"93A Feeney Grove",Angeles,"El Salvador",Connecticut,Romania,235-358-982,"+63 (936) 307-9936","Ward, Feest and Auer",olson.biz,"Forest and Conservation Technician",navy,2000-01-09,becker.kylie@gmail.com,"\Mo(4\)WOqq,sIb~*Va"
ba04e52c-6ff7-32f6-9149-80a7d6ee76e4,Ms.,Bennie,O'Conner,"46 Okuneva Springs Suite 436","Surigao City",Naga,Colorado,"Burkina Faso",432-258-198,"(0922) 096-6330","Ruecker Ltd",murray.com,"Production Worker",gray,1996-07-17,emie93@hotmail.com,"oLzw(&5[9,#"
86a4a8f1-f752-3973-b1e4-1270436e18ee,Miss,Devante,Emmerich,"71A/39 Green Neck Suite 473",Isabela,"Santa Rosa",Mississippi,Bulgaria,091-712-366,"+63 (937) 738-6277",Kassulke-Brakus,brown.com,"Parts Salesperson",black,1995-07-29,terry71@yahoo.com,"U%,Hg*c5_0Z"
64e24355-a2a6-3124-9c2c-ffb938968235,Dr.,Harvey,Lang,"41A/91 Harvey Key Suite 405",Carcar,Valenzuela,Oregon,"United Arab Emirates",974-180-659,"+63 (936) 223-2703","Kilback and Sons",jerde.biz,"Mine Cutting Machine Operator",green,2011-10-04,eleazar.green@wilderman.biz,"r,GYlIrn""Hn}AeU"
d418194e-e0f8-3856-b6e2-acc4f3cf84f0,Miss,Felix,Auer,"33 Harvey Rapid Apt. 140","Zamboanga City","Zamboanga City",Maryland,Cuba,771-293-763,"+63 (917) 955-7269","Jerde, Crist and Kozey",tillman.net,"Insurance Policy Processing Clerk",black,2012-04-12,legros.nathanial@lynch.com,"r}%A?HDw""M4uqP"
913fe815-acb5-3cfa-a45f-d15c592d9cd0,Dr.,Ferne,Mayer,"97 Spencer Course Apt. 719","El Salvador",Tagum,Ohio,"South Africa",096-713-120,"(0928) 751-9514","Grimes Inc",flatley.biz,"Manager of Air Crew",green,1995-05-21,cordell68@yahoo.com,DDH.Yr9d^_~'k4GWD
741c6fb2-26cb-3a8a-9ae2-5eaecd2e16d9,Dr.,Rey,O'Hara,"86A/94 Lakin Bridge Suite 390",Isabela,"San Carlos","West Virginia",Samoa,896-547-595,"(0817) 969-3766","Ziemann, Pollich and Bogan",connelly.com,"Human Resource Manager",lime,2015-04-30,avandervort@hagenes.com,@yc#|=X
487efba8-216d-3773-b3b8-b95deb336559,Dr.,Lempi,O'Keefe,"97A McClure Curve Suite 385",Candon,Ormoc,"South Carolina",China,532-934-349,"(0909) 540-9743","Wintheiser, Kassulke and Walsh",jacobs.biz,"Financial Manager",olive,2022-10-29,beverly.ritchie@hotmail.com,W@Sv]?v@Tju_[&&
d4308178-dfc4-31f9-9c26-b5a1bf32eddc,Mr.,Bria,Moore,"06A Conroy Prairie Suite 895","Sorsogon City",Lamitan,Maryland,Greenland,525-104-493,"+63 (999) 618-3015",Grant-Jast,spencer.com,"Plating Operator OR Coating Machine Operator",yellow,1970-04-15,torp.zola@gmail.com,qEFXEOhHbCHr
4e15a967-43a2-3462-a230-3965e59792a2,Dr.,Adrienne,Romaguera,"77A/00 Hane Summit Apt. 026",Baguio,"San Pedro",Wisconsin,Myanmar,056-855-187,"+63 (942) 144-4011",Morissette-Williamson,hand.net,"Chemical Equipment Operator",purple,2012-12-14,beier.octavia@hotmail.com,YJ*H>2gEUR4W/oh~@0zP
d2d2c91d-0c33-39c9-bd7b-97738836561d,Prof.,Art,Connelly,"69 Hermann Mountain Apt. 042",Talisay,Koronadal,Louisiana,Spain,940-800-404,"(0900) 874-4183","Ruecker and Sons",keebler.com,"Soldering Machine Setter",aqua,2003-04-02,jchamplin@ondricka.info,I*fs]-BNo8UTHc)^gr3
363e7527-1a68-31a0-8557-90a28b0b0845,Prof.,Newell,Roob,"74A/68 Mueller Inlet Suite 036",Alaminos,Maasin,"West Virginia",Oman,461-959-202,"+63 (922) 916-2930",Emard-Pouros,leffler.com,Carver,navy,1999-06-26,kunde.princess@ebert.com,?&!ON4eIk`
c3444e82-00fc-3fa2-88ff-636e6cf1764e,Prof.,Freeman,Harvey,"60/91 Watsica Manors",Bago,Pasig,Iowa,"Central African Republic",350-805-976,"(0918) 962-3175","Gleason PLC",nitzsche.biz,Landscaping,gray,2019-10-19,hagenes.paxton@yahoo.com,?Q~DYB
f9026d9f-dafd-3b18-a237-4b01d843cf51,Mr.,Krystal,Gutkowski,"11A Rosenbaum Views",Caloocan,Legazpi,"North Carolina",Nigeria,703-413-491,"(0944) 669-8948","Tromp, Herzog and Ortiz",harris.com,"Credit Authorizer",white,1997-10-13,lkiehn@okon.com,eNfxV`a{bs
ebbc347a-05cc-3327-b95b-f612e5a62a9d,Miss,Mohammed,White,"21 Kirlin Knoll Suite 813",Catbalogan,Iligan,"North Dakota",Liechtenstein,071-357-743,"+63 (918) 349-6388",Ferry-Gibson,luettgen.com,"Director Of Talent Acquisition",teal,1976-04-16,fglover@blick.biz,aN!r304P6{QxB'3Ssu!h
a3de9172-f087-3b16-bf10-6b374859b1f0,Prof.,Suzanne,Beatty,"30 Gutmann Parkway Apt. 809","San Fernando",Candon,Kansas,Georgia,965-796-081,"(0996) 550-1106","Little, Mraz and Nikolaus",muller.net,"Excavating Machine Operator",maroon,1973-04-14,schuster.elisa@lockman.biz,"#,KFkkwP#A#xwW|[Bs"
174a0c89-792e-3286-baf5-e463a6784e98,Mrs.,Mavis,Bashirian,"96 Harber Haven Suite 740",Sipalay,Mandaue,Colorado,Mali,079-977-222,"(0908) 337-6243","Eichmann Ltd",mclaughlin.com,"Copy Machine Operator",silver,2016-06-14,rex00@mitchell.com,:G)1<a%~]S
777a59f3-9d5a-32d7-a75f-657e5f678718,Mr.,Vida,Buckridge,"63A/38 Littel Rapid Apt. 628",Iriga,Iligan,Maine,"Central African Republic",353-289-690,"+63 (934) 470-1073",Lubowitz-Huels,leannon.com,"Traffic Technician",green,2000-05-19,roy.gusikowski@gmail.com,"0i-;|,9Ncw!N^"
3f0eb6a3-599b-3ad3-87a8-be2aa10f21aa,Prof.,Lilliana,Renner,"55/45 Greenfelder Rapid Apt. 739",Muntinlupa,Bogo,Texas,Kazakhstan,174-692-562,"(0907) 953-8136",Considine-Hill,hirthe.info,"Proofreaders and Copy Marker",aqua,2023-11-05,alexane.thiel@yahoo.com,"{$1x$G?Zv2,""{Te"
3754753e-c649-31c5-aa30-0f0c64eea541,Ms.,Jayda,Hermann,"75 Goyette Terrace",Mati,Taguig,Florida,Greenland,046-871-929,"+63 (911) 929-0349","Wunsch Inc",rodriguez.com,"Vice President Of Marketing",gray,1982-05-26,randi.lynch@hotmail.com,{;En}mx~_7
aa9addd9-3759-34c8-8e3c-11692033e43b,Mr.,Alysa,Russel,"24/79 Reichel Well Apt. 381",Sipalay,Bayugan,"New Mexico",Guatemala,597-366-090,"+63 (975) 922-9254","Hirthe, Feest and Leuschke",hartmann.com,"Medical Technician",purple,1976-02-03,jacky.mosciski@hotmail.com,wt:=]gULM-}w
9ca273c4-3052-39a1-953b-1e7fc303739f,Dr.,Raul,Breitenberg,"13 McCullough Brooks Suite 860",Palayan,Batac,Alaska,Togo,777-686-619,"+63 (942) 855-8335",Cremin-Schamberger,weimann.net,"Gas Appliance Repairer",olive,1979-09-19,orn.arely@yahoo.com,~xbL+1F{9
9525d8e6-7a36-33fa-865f-d556a5cbbd45,Miss,Ezra,Krajcik,"35A Goldner Burg",Naga,Urdaneta,Pennsylvania,Bahamas,194-984-402,"(0900) 101-3325","Marquardt, Grant and Will",tremblay.org,City,yellow,1984-09-16,patsy.kuhn@kessler.com,viYi*FbEHs>_'|$22t
32a86e6d-28ac-3d38-b8b9-0f5204f2856e,Miss,Sylvester,Fritsch,"34/26 Davis Divide Suite 709",Samal,Tagbilaran,Washington,Suriname,400-710-286,"(0923) 734-2453","Toy, Kozey and Schimmel",oreilly.net,"Chemical Engineer",olive,1970-11-07,schinner.alexane@hauck.com,1Jt'2Jz2YRJ
a5dd8b3d-c9ca-357a-be47-ab25a12a2715,Dr.,Madison,Abshire,"57/69 Steuber Plains",Valenzuela,"Santa Rosa","District of Columbia",Luxembourg,964-911-909,"(0931) 751-1014","Zieme, Murray and Borer",okuneva.com,"Power Distributors OR Dispatcher",aqua,2008-01-29,patience.mitchell@bernier.com,{VC~B].
40bfb20b-66b9-31e5-89b4-d5041da8b9f6,Miss,Jeramie,Muller,"22A Kreiger Circles",Olongapo,Navotas,Connecticut,Tunisia,381-438-640,"(0998) 568-9975","Strosin, Kulas and Mitchell",swaniawski.com,"Desktop Publisher",lime,2024-07-01,mnikolaus@luettgen.com,"-\VA3K6gLD"
7be4d85e-897d-3e99-be0f-7e9943ff7f21,Prof.,Sonia,Hudson,"12 Dickinson Parkway",Candon,Legazpi,Maine,Maldives,974-254-815,"(0939) 395-6684","Gleason LLC",kuhn.com,"Embossing Machine Operator",green,1988-10-17,kayla.bruen@yahoo.com,"1B+P\)y$K^gdVyO<"
928343ab-f396-37ec-aadd-0748b2889caf,Prof.,Gina,Waters,"25/77 Collier Fort",Cabuyao,Tanjay,Wyoming,"Puerto Rico",725-575-016,"+63 (817) 220-9370","Hintz Inc",hoppe.com,"Statement Clerk",aqua,2007-06-01,kaelyn91@hotmail.com,pK`gF>$)0Yik}}8P2&
e61894d1-44b3-33b3-b961-26c9083bdb08,Prof.,Alba,Thompson,"90A/27 Hilpert Lane",Tuguegarao,Laoag,"New Mexico","New Caledonia",353-315-539,"(0979) 522-7871","Pagac Ltd",baumbach.biz,"Loan Interviewer",lime,2009-09-25,zsawayn@gleichner.info,">R'\1[W&ioR(0MBA@B~"
2ede9fe8-38fa-3f4c-9744-9fea0330bd24,Prof.,Rodrigo,Metz,"43A/90 DuBuque Extension Apt. 212",Kidapawan,Laoag,Alabama,"Solomon Islands",107-236-134,"(0938) 337-8793","Jast and Sons",gusikowski.net,"City Planning Aide",teal,2019-02-08,mosciski.julio@zboncak.org,].-U}qO+=
c8051ac8-eeb9-30dc-a318-c5470b9c6fd0,Dr.,Shannon,Pacocha,"42A/25 Nolan Station",Tanjay,Isabela,Nevada,Brazil,141-600-713,"+63 (935) 125-3437","Schumm LLC",hilpert.com,"Driver-Sales Worker",olive,2006-02-04,dbartoletti@bernier.com,aXn]K~Tlv
78a0b39f-37e2-3eaf-bf36-5e44768fc546,Prof.,Alvena,Brown,"42/29 Dooley Throughway Suite 184",Vigan,Vigan,Texas,Singapore,955-023-580,"(0971) 463-0110","Brakus Group",little.com,"Agricultural Sales Representative",lime,2015-07-05,orion23@gmail.com,K);)V4nl#LltP>
ce664a5f-d311-31f2-ac14-09c782b63cb4,Prof.,Annamarie,Torphy,"37A Hermiston Orchard Apt. 319","Sorsogon City",Oroquieta,Michigan,"Saint Martin",876-488-492,"+63 (979) 690-4276","Harber, Barrows and Gaylord",crist.com,"Stock Broker",black,1992-07-19,jhauck@pfannerstill.info,{H!IN6`:KNH*JEr`
ab855cc9-81da-363f-bd1f-de419cab276f,Prof.,Lydia,Fadel,"71A/96 Davis Corner",Victorias,Mandaue,Missouri,Niue,404-789-553,"+63 (937) 300-7364","Gutkowski, Leuschke and Wisoky",considine.org,"Special Force",silver,1998-10-24,larkin.alexandrea@wilderman.com,sJ4qFC`*vkLTe
643987bb-a7e5-3795-8e29-92fc57fc32ab,Miss,Hazel,Hansen,"69A Littel Prairie",Tabaco,Imus,Wisconsin,"Palestinian Territories",547-180-424,"(0915) 663-7405",Block-Bauch,heathcote.com,TSA,teal,2003-03-20,wayne69@hotmail.com,";A\N+&c_u"
f2cc127a-ede1-30f0-be79-0424fff93f0a,Prof.,Delphia,Bogisich,"42 Hegmann Motorway",Dipolog,Muñoz,Maryland,Israel,458-466-707,"(0908) 845-9847",Fahey-Hegmann,huel.biz,"Medical Equipment Preparer",fuchsia,1971-04-07,westley88@hammes.info,"#s42tTv\>s#5A*nR"
657eaa2d-2780-3aaf-9d7b-57816ca6e631,Prof.,Jessika,Hartmann,"40/25 Raynor Center","San Juan",Pasig,Mississippi,Nigeria,848-287-320,"(0912) 643-1412",Jenkins-Gerlach,pfannerstill.org,"Computer Programmer",maroon,1979-08-06,destiney.armstrong@hotmail.com,"SNaQT6,R6ny^K_"
3dc3e8f2-f2b8-346b-8c51-8ad635e659ef,Prof.,Trever,Wehner,"97A Wilkinson Glen Suite 972",Victorias,"Tarlac City","District of Columbia",Croatia,191-025-899,"(0978) 099-1506","Jones, Buckridge and Grimes",greenfelder.com,"Operations Research Analyst",fuchsia,2024-08-29,trudie.aufderhar@hotmail.com,q'B91DlVkeTHIf>>L*di
9b23732d-c024-32a3-a60a-e0180a756249,Ms.,Isabelle,O'Keefe,"60 Bernier Trail",Gapan,Marikina,Delaware,Cuba,290-343-872,"+63 (931) 957-3697","Kuhlman, Pouros and Rowe",abernathy.org,Auditor,navy,1975-12-01,switting@yahoo.com,D+]rhnZ4P'
128eac25-ca69-3c6c-b4e6-5f70dd587b02,Mr.,Carolyn,Sanford,"93/28 Hettinger Track Suite 120",Bayugan,"Quezon City",Maryland,Botswana,527-595-397,"(0978) 966-5155","Dach, Champlin and Schneider",bogisich.com,"Sales Person",gray,2011-12-28,gerson29@hotmail.com,^<'WQ~i{KD
901c78d7-19bd-332b-9fdc-8893901b4e7d,Miss,Jody,Muller,"21A/33 Schuster Common","Trece Martires",Canlaon,Ohio,"Libyan Arab Jamahiriya",789-023-349,"+63 (928) 800-4517","Kilback, Yundt and Mertz",kling.com,"Telecommunications Line Installer",maroon,2004-02-08,skuphal@gusikowski.biz,06G9Dr:s_latS8^ybL
b677e2d7-c6e9-36bf-9ffd-64c61fd18f5d,Miss,Estell,Mohr,"53 Torp Rest",Victorias,Himamaylan,Arizona,Tanzania,911-303-246,"+63 (933) 344-5664","Bergstrom Inc",mosciski.com,"Wholesale Buyer",green,1982-08-24,zgleason@kreiger.org,%C|x0qd
95327eff-08ae-3482-8220-f0dabef8f893,Dr.,Kameron,Schaden,"06A Hintz Prairie",Toledo,Guihulngan,"New Jersey",Montenegro,948-255-133,"+63 (920) 367-9071","Hand and Sons",mccullough.com,"Fitness Trainer",navy,1979-07-22,ttowne@king.com,"[""1<RV,\-"
24cff426-381c-38f3-8725-12e8e8249adc,Miss,Clint,Robel,"32/60 Emmerich Run","Surigao City",Guihulngan,"New Mexico",Canada,206-482-868,"+63 (943) 491-7552","Walter, Bradtke and Daugherty",jast.com,"Food Scientists and Technologist",aqua,2018-06-26,rstrosin@mckenzie.com,"s#yZ7""{<0]?##K'rV->K"
2a500b5e-a51c-30a8-9e46-d44b45f69a06,Mr.,Jacques,Wolf,"72 Grimes Ville Suite 996",Tagaytay,Muntinlupa,"North Dakota",Barbados,534-114-450,"+63 (977) 278-6497",Pfeffer-Abbott,kertzmann.net,"Landscape Architect",maroon,1979-10-25,zackary.lowe@abshire.com,q`a<#z<bw[@Bd:e
9af0dcf9-bb32-38fc-9230-b319190fc639,Dr.,Marcus,Roberts,"18 Stoltenberg Curve Suite 832",Butuan,Lapu-Lapu,Virginia,Kazakhstan,305-447-416,"+63 (905) 134-3627",Daniel-Keeling,ziemann.org,"Audio and Video Equipment Technician",lime,1976-11-24,windler.violette@dibbert.com,q+gLvw6[Nva@|_vTc^x
cec439f8-5165-3eec-bbd9-20768db2e2f9,Ms.,Samantha,Hagenes,"28A Bins Corner Suite 519",Lucena,Makati,"South Carolina","French Polynesia",862-242-010,"+63 (928) 662-7195",Keeling-Spencer,hickle.com,"Technical Director",white,1977-11-10,mraz.hassan@crist.com,lj!kn<k*vZ<g0'y)w;~
2dba2419-4cb1-3e3c-ac30-f734933f7166,Mr.,Rickey,Brown,"96/55 Schuster Courts Suite 069","Sorsogon City",Cabanatuan,Hawaii,Guernsey,324-652-979,"+63 (918) 484-5919","Runte Inc",heathcote.com,"Gas Pumping Station Operator",white,1975-08-17,kconroy@cole.net,.k0X#Gya
8733fed5-64e8-3042-8db7-e210ffc77d98,Miss,Ismael,Carroll,"90/90 Murray Track Apt. 889",Gingoog,Victorias,Maine,Uruguay,817-740-208,"+63 (975) 822-4918",Reilly-Fisher,mohr.net,"Space Sciences Teacher",maroon,1995-11-10,ulueilwitz@gibson.com,KB/5NrhsP
7285e54d-588b-38c9-9853-b60f06a1aea2,Prof.,Nick,Bernier,"13/12 Nienow Locks","Cotabato City","Iloilo City",Massachusetts,Somalia,401-789-146,"(0996) 421-9325","Kirlin, Flatley and Reichert",graham.org,Embalmer,black,1985-08-26,mills.layne@hotmail.com,e[2I='Wpn;EK{B:Q!)e
45b0dd6f-9f06-374c-bec2-e6efb9a1bd55,Mr.,Zola,Flatley,"65A Morissette Pass Apt. 021",Bais,Pasig,"South Dakota",Macao,939-811-116,"+63 (949) 698-2532","Powlowski, Fadel and Deckow",monahan.com,"Industrial Production Manager",teal,2017-08-21,madelyn.balistreri@hotmail.com,"z(UdC;!8]""\o$#YeQW"
743a9d7e-b9ac-37fc-a1a5-bc0cd9665fa9,Mr.,Evert,Murazik,"83/54 Ritchie Terrace Suite 573","Quezon City","La Carlota",Florida,"Papua New Guinea",239-742-303,"(0918) 068-5457",Mertz-Bergstrom,altenwerth.com,"Office Machine Operator",navy,2019-07-07,bogisich.pete@hotmail.com,5KSFKiwO224c(-Voo)~`
b50feaaa-1848-3f64-bd88-d452bfa5e910,Prof.,Murl,Bailey,"88/90 Harvey Way Suite 074",Batac,Mandaue,Wisconsin,Jersey,920-877-342,"(0911) 114-0953",Howell-Moen,bernhard.com,"Numerical Tool Programmer OR Process Control Programmer",aqua,2014-07-16,heidi01@goldner.biz,",|Lpj6]#)(bY*nL~deei"
325a5027-3eb6-3ce3-a30c-2be3250eaa1d,Dr.,Bernie,Macejkovic,"91/39 Aufderhar Walk","Santa Rosa",Tacloban,Georgia,Cuba,184-724-515,"+63 (917) 604-2177",Labadie-Koepp,hermann.com,"Crane and Tower Operator",gray,1983-01-24,valentin33@nolan.org,"l""C~~x3COB"
03ce5622-92b1-37b9-a251-4fe6932e4a5e,Mrs.,Demarcus,Rice,"83/81 Hilpert Rest Suite 145","Davao City",Caloocan,Mississippi,Malaysia,507-384-200,"+63 (929) 365-1508",Auer-Schinner,kertzmann.com,"Director Of Social Media Marketing",fuchsia,2011-08-16,aric09@gmail.com,lbLg}LVv*q>bUrO@<3hz
498ff342-88d9-3876-81a6-3f5075273355,Prof.,Deangelo,Mann,"42 Schroeder Parkways","Quezon City","Cotabato City",Idaho,Liechtenstein,857-312-169,"+63 (999) 420-8924",Brekke-Rutherford,mcdermott.com,"Philosophy and Religion Teacher",aqua,1987-09-28,theresia70@schiller.org,"z@6Ns9L=(@vL:(""T"
ffeef43d-4566-31a7-86af-125063fcd217,Miss,Candida,Greenholt,"65/94 Koelpin Passage","San Fernando",Marikina,"District of Columbia",Ireland,350-488-699,"+63 (940) 254-4709",Mueller-Sanford,hirthe.com,"Material Movers",blue,2009-03-12,amertz@legros.net,"#j\()@"
7695d9db-c50f-3e94-9f0a-8afeaccffe15,Dr.,Guy,Wiegand,"58 Beier Spurs Apt. 138",Santiago,Cabanatuan,"North Dakota","Puerto Rico",440-663-008,"+63 (925) 384-5784",Kuphal-Jast,bahringer.info,"Production Planner",fuchsia,1977-10-11,jailyn.ruecker@paucek.info,"rNc_LE~DHet(Q>\,@"
6cb7fa70-ac10-3f2f-870b-5266b87185cf,Dr.,Kim,Carter,"83/98 Gulgowski Port Apt. 679",Angeles,Sipalay,"North Carolina","Sao Tome and Principe",561-206-905,"(0930) 006-0199",Swift-Johnston,eichmann.info,Cartoonist,white,2018-07-14,armando86@beatty.biz,R&h6AHu9?-!I-/J>t
f2a092df-3b1b-3352-9d77-348baf6318be,Dr.,Rowland,Weissnat,"54A Russel Creek",Pasig,Muñoz,Pennsylvania,"Solomon Islands",589-687-651,"(0919) 257-1078",Schroeder-Bednar,leuschke.com,"Umpire and Referee",blue,2020-07-19,marques.kovacek@raynor.net,"e\=)LwGTYt}e95[EA"
40f74c92-7833-380b-b2ab-452282ca1db7,Mr.,Vincent,Wunsch,"30A/08 Armstrong View Apt. 670",Malabon,Escalante,"North Carolina",Sudan,986-333-913,"(0980) 710-4771","Hilpert and Sons",murazik.org,"Foundry Mold and Coremaker",green,1995-02-16,nienow.stephania@deckow.com,"-OWptv{@,Vo52[{t@^7%"
45f56a75-e87f-3816-bdae-3588ce2eec9e,Mr.,Dawson,Bogan,"64A Shanahan Ridge Suite 399",Bislig,Tangub,Connecticut,"Antigua and Barbuda",899-819-957,"(0910) 025-3179","Eichmann and Sons",koss.net,"Chemical Equipment Controller",lime,1970-10-20,russell.west@gmail.com,[7/p81'_*
21b01b33-dde4-3ca3-991f-6f301cef19db,Dr.,Leola,Wyman,"63 Wisoky Ways","Cavite City",Lipa,Colorado,"Sri Lanka",879-570-287,"(0921) 239-2149","Robel Inc",hauck.com,"Bridge Tender OR Lock Tender",teal,1987-09-19,zoie.bernier@yahoo.com,"t.fY~ci-9%""j_Z2m}lD."
9da8b66f-957a-3d6b-b111-dbaf07c9c3e3,Dr.,Moriah,Yundt,"02A Dickens Dam Suite 979","General Santos",Angeles,Oklahoma,"Solomon Islands",888-203-810,"+63 (920) 971-9402",Ratke-Altenwerth,rolfson.info,"Forestry Conservation Science Teacher",lime,1983-02-23,jevon58@hotmail.com,"B=c\##b"
139ea7de-6e26-3053-bac3-e47be1a486cf,Dr.,Hester,Satterfield,"80/30 Torp Islands",Catbalogan,Mati,"New Hampshire","United States Minor Outlying Islands",707-049-827,"+63 (910) 364-3254","Schuster, Moen and Feeney",bogisich.com,"Police Detective",gray,2001-09-07,esther.dach@yahoo.com,"ER1aKd8=j%\"
bbcd6ee1-9c61-3fff-a595-aca4b152e2d9,Miss,Clint,Howe,"87A Bogan Greens Suite 309",Parañaque,"Santa Rosa",Virginia,Mauritania,552-066-053,"(0907) 750-2985","Tillman, Bogisich and Steuber",kshlerin.com,"Environmental Compliance Inspector",purple,1982-06-03,cparisian@smitham.net,"<\+spZVDAFt@s{<]1N"
0e6589c3-29ba-37ed-bcef-1179058796ea,Prof.,Sharon,Reinger,"35/81 Ratke Pike",Lamitan,Ormoc,"West Virginia",Malawi,845-245-752,"(0916) 077-1623","Grant, Friesen and Weissnat",stamm.info,"Ship Captain",navy,1970-02-26,hand.ralph@stamm.biz,l0*(|D@
7c04ea7f-33f1-3c5f-b446-692390416a0f,Dr.,Kianna,Schoen,"59/96 Mayert Falls Apt. 199",Samal,"Sorsogon City",Iowa,Jamaica,593-018-906,"(0980) 285-9940",Marvin-Goodwin,oberbrunner.biz,"Host and Hostess",blue,2001-10-14,kirlin.bertha@yahoo.com,eX.G}BcL:)
c43e7c87-f2ca-3830-83d3-aa38fbb95058,Mrs.,Andrew,Jacobs,"01A McLaughlin Trail",Talisay,"Cagayan de Oro",Idaho,Guinea-Bissau,100-044-053,"(0909) 814-9381",Dare-Rutherford,mante.com,"Petroleum Pump System Operator",lime,1989-07-04,nyah13@beer.com,qY+Zq5fFvx&vMi-vlG
2d769109-114a-35ae-9425-c5dadecdc0e9,Dr.,Aletha,Koepp,"78 Thiel Road Suite 425",Maasin,Valenzuela,Colorado,"Papua New Guinea",329-001-110,"(0917) 687-6945","Keeling, Zemlak and Rodriguez",rath.biz,"Alteration Tailor",olive,1981-12-17,jeremie59@runolfsdottir.org,"\hEprS62be;'j80}MaO}"
b75bdf43-9e3d-3af1-898c-f9335c31ebe0,Mrs.,Kade,Klein,"91/24 Bins Roads",Cabanatuan,Maasin,Alaska,Aruba,521-935-308,"+63 (999) 580-0924","Nader Group",gerlach.info,"Automotive Mechanic",navy,1984-05-14,howe.mikayla@oconnell.biz,"+""rz~7}"
a863a1c7-d20c-3c55-afca-265797b5048c,Mr.,Shanelle,Rogahn,"77/95 Lynch Well Suite 181",Bislig,Marawi,"District of Columbia","French Polynesia",441-115-488,"(0907) 098-6052","Williamson LLC",rogahn.com,"Building Cleaning Worker",aqua,1988-06-26,kitty99@koss.net,"Aj]H|,V^hC!"
38b94f6e-dbfc-30e9-a9ee-495d5939ffda,Mrs.,Lupe,Gulgowski,"58/87 Bednar Land Suite 964",Caloocan,Baybay,Illinois,"Faroe Islands",448-098-919,"(0910) 087-2872","Grimes and Sons",weissnat.com,"Airline Pilot OR Copilot OR Flight Engineer",fuchsia,1984-11-15,dina21@hotmail.com,.=mm4=tp=;dJ
21d766c9-32b6-32fc-90fd-fe51d682aeb8,Mrs.,Howell,Marvin,"14A Shanahan Hills Suite 024","San Pedro","Las Piñas","West Virginia","Heard Island and McDonald Islands",611-592-104,"(0999) 310-8611",Langworth-Murazik,mayert.biz,Auditor,black,2005-12-05,shaina.schamberger@gmail.com,"""a/@eq<}"
98487fa7-f5b6-395d-9e4b-040af5ceeb3f,Dr.,Oleta,Hartmann,"15A/86 Aufderhar Springs Apt. 295",Bacolod,Tanjay,Nebraska,Ecuador,019-624-553,"(0929) 216-3806","Dickens, Spinka and Heidenreich",schmitt.com,Anesthesiologist,white,2019-04-30,smclaughlin@cole.info,<u*I<u<j-vH&b(wJ
ee610622-e060-3274-ba7b-d8603a977052,Mr.,Armani,Runolfsdottir,"65A/99 Mraz Hills Suite 135",Iriga,"Davao City",Ohio,Liechtenstein,573-751-911,"(0906) 821-8126",Lockman-Rath,harvey.net,"Telecommunications Equipment Installer",white,1986-12-27,eupton@cruickshank.org,":&`/2,l|./@|hbwB"
011121f1-c9ce-3b10-82db-23452a5739e6,Prof.,Uriah,Harber,"94/29 Weissnat Spur Suite 589",Lipa,Escalante,Virginia,Guam,735-569-805,"(0994) 449-4973","Bode, Bartoletti and Steuber",renner.com,"Insulation Worker",yellow,1981-11-30,jada87@schowalter.com,"jRcF\/7UZ,"
02de3cd2-0c54-379b-8331-fcd8592ee9de,Mr.,Clifford,Leffler,"64 Langworth Well",Isabela,Tacurong,Vermont,"Netherlands Antilles",061-954-923,"+63 (930) 335-1416","Jast, Kuhn and Stark",conroy.com,"Security Guard",lime,2018-11-09,hilpert.gaylord@quitzon.com,")r""1=Trtd"
6b0f53f2-6365-36e1-a5c7-9e2b3faeb434,Dr.,Damon,Swift,"43/94 Reichert Mission",Lucena,Dasmariñas,"New Jersey",Singapore,110-646-724,"+63 (998) 332-5062","Goyette Group",marvin.com,Economist,lime,1981-05-15,feeney.eden@yahoo.com,qii:;g
0edacd5e-afd4-3a0d-9ea5-eaa5c7802193,Prof.,Irwin,Abshire,"23 Treutel Squares Suite 339",Mandaluyong,"Trece Martires",Texas,Croatia,835-813-684,"+63 (979) 937-5664",Simonis-Runolfsdottir,marks.biz,"Database Manager",maroon,2000-10-18,clair.marks@hotmail.com,"#,or<j!Axn8|96{!3/"
04587b38-c9a3-3df0-8e7d-02bff6923125,Mrs.,Reagan,Stanton,"34/34 Moen Lock",Cabanatuan,Sagay,"South Dakota",Honduras,292-476-799,"+63 (979) 394-0247",Bergstrom-Boehm,lebsack.com,"Emergency Management Specialist",white,2017-06-09,wkohler@yahoo.com,E+U.ccYE
11fd28b7-d043-34f2-8134-3c448791d82e,Dr.,Leopold,Fisher,"61A/12 Ledner Alley",Dumaguete,Guihulngan,"New Jersey",Tokelau,767-744-878,"(0912) 385-3115",Gibson-Stokes,ankunding.info,Decorator,black,1977-01-22,wilber44@hotmail.com,eqV(Z+
346f5b44-bb05-3827-8d18-dd9c8851758a,Ms.,Iva,Hahn,"77/93 Hermiston Villages",Sipalay,"Zamboanga City",Vermont,Angola,891-171-298,"+63 (947) 482-2890",Boyer-Maggio,wyman.com,Astronomer,blue,1991-12-21,lkunde@koelpin.com,6x?B>chI^Gy:i^{
6935f122-d1e1-33f6-bff0-c34ead157009,Prof.,Ferne,Jacobs,"65 Casper Terrace Suite 055",Toledo,Himamaylan,Vermont,"United Arab Emirates",243-463-414,"(0915) 545-8392","Toy Group",kuhn.org,"Engineering Teacher",fuchsia,2015-08-29,seth25@ruecker.com,"g_I,gMlzhUjzN%8{"
e2e77047-0409-3c76-9507-01a75d076226,Prof.,Tyreek,Runte,"95/32 Gulgowski Radial Apt. 456",Angeles,"Masbate City","South Carolina",Bhutan,885-368-136,"(0926) 652-8622","Bauch, Cummings and Gerlach",borer.com,"Housekeeping Supervisor",navy,2000-08-06,sherman.toy@goyette.com,G^H3hBWe76mF
0950cc0c-6a78-3fc5-9bbc-4dec825f6fb5,Prof.,Nigel,Feil,"92A/11 Volkman Estate Suite 929","Masbate City",Mandaluyong,"North Carolina",Egypt,007-187-835,"(0935) 031-0679",Schimmel-Daniel,nader.org,"Conservation Scientist",olive,2018-06-06,xmorar@ziemann.com,boyeo$=W*C
5dd65fe4-8571-34ac-ab6f-fed749c1b8d3,Dr.,Aliza,Krajcik,"55A Brekke Shoals",Pagadian,Tagbilaran,California,"United States Virgin Islands",327-992-327,"+63 (916) 778-8914","Monahan Inc",dooley.com,"Pipelaying Fitter",fuchsia,2005-03-31,kreiger.rashawn@hotmail.com,j!fDIgZE$
e029e8eb-dfd4-3104-a89e-7bfd01d8af70,Prof.,Amelie,Hermiston,"17/92 Olson Glen Suite 171",Ozamiz,Cabuyao,Hawaii,Malaysia,161-551-534,"(0907) 350-7078","Hahn, Schaden and Christiansen",mcdermott.com,Musician,yellow,2014-02-14,ava05@hotmail.com,2/~Z[89BYXgo!R]%
6c586ba0-1d2d-3215-98e8-049d9dcc6ce5,Miss,Asa,Jast,"64A/24 Bergnaum Circle Suite 826",Tanauan,Tandag,"North Dakota",France,487-537-618,"(0937) 243-9180","Walker and Sons",hoeger.com,Pediatricians,fuchsia,1976-03-16,virgie59@brekke.com,Pi7Omx_8Q`>|q$00e
579c3a56-24db-3249-8de4-1ea31afadc09,Ms.,Javon,Barrows,"62A O'Reilly Highway Apt. 558",Urdaneta,Cauayan,Indiana,"South Georgia and the South Sandwich Islands",928-073-923,"(0940) 185-4819",Pfannerstill-McLaughlin,paucek.org,"Central Office Operator",green,1976-04-27,alia.moen@gmail.com,"#SB]D:]dcx""\t20,EDK"
9c6b0e13-03f1-3940-be98-e27117c695c4,Dr.,Brandt,Swift,"95 Koss Shores Apt. 756",Tanauan,"San Fernando",Alabama,Spain,908-133-564,"(0936) 095-1679",Christiansen-Ebert,konopelski.com,"Plating Operator OR Coating Machine Operator",green,2012-06-28,margarette.kunde@yahoo.com,"fI\Kux-Td&+Y`Mb6]R"
1493f896-3142-3b6c-98d0-f0ed34da81dc,Prof.,Isabelle,Ortiz,"28/90 Welch Wells Suite 668",Bacolod,Mati,Maine,India,034-704-831,"(0922) 477-7521","Koepp, Hand and Windler",walsh.com,"Textile Cutting Machine Operator",fuchsia,1970-01-31,fparker@kunde.info,jCkC6z$u
b4cbe2ad-b014-3c41-91e0-e9ac75461e2e,Prof.,Cornelius,Windler,"60A/69 Brakus Circles Apt. 374",Mati,Lucena,Virginia,Bhutan,661-594-139,"(0997) 840-7335",Heaney-Wintheiser,sanford.com,"Insurance Investigator",purple,1973-02-18,stefan.littel@gmail.com,=T}Q:4=;R|!&q1-`
060a019d-547c-32b0-a41d-8f584ba17f05,Dr.,Ofelia,Legros,"92A/32 Schulist Lane Suite 666",Mati,"General Santos",Michigan,"Falkland Islands (Malvinas)",967-577-499,"+63 (926) 645-3830","Romaguera, Waelchi and Mraz",nader.com,"Petroleum Pump Operator",maroon,1984-04-14,michale67@hotmail.com,8@@>yvd
0446916a-814d-3992-ba04-ed1eb999d700,Ms.,Junior,Kertzmann,"05A Schmidt Hollow","Zamboanga City",Tagum,Utah,Bhutan,240-783-079,"+63 (915) 851-3181","Koss, Lindgren and Runolfsson",koepp.com,"History Teacher",fuchsia,2006-04-24,josefina74@yahoo.com,";V%cYx82""Dvl8,1Wc"
6a5e3e54-4ab4-3fb7-902c-ed9385e6fde9,Miss,Aleen,Tremblay,"20A Doyle Rapid",Kabankalan,Talisay,"New Jersey",Estonia,757-034-452,"+63 (912) 099-7754","Crist LLC",buckridge.net,"Electrical and Electronic Inspector and Tester",lime,2017-12-03,kgerlach@hotmail.com,VaKiA.];swK
c70f637a-6a32-31b9-b3d5-c0eb7d9a7a2c,Prof.,Manley,Schuppe,"24/80 Turcotte Manor Apt. 341",Pasig,Calapan,"New Hampshire",Afghanistan,706-594-603,"(0943) 197-5089",Lubowitz-Mueller,kerluke.com,"Architectural Drafter",silver,1999-11-28,mckenzie.devon@stark.org,i$g<+_{o
693171e4-8c9f-3cf7-8aab-bbde2146ae8f,Mr.,Daphnee,McDermott,"37 McDermott Place",Balanga,Ozamiz,Colorado,Somalia,929-737-608,"+63 (933) 392-3586","Weissnat, Harvey and Cartwright",mitchell.com,"Food Preparation Worker",blue,1978-07-17,grant.lauryn@glover.com,C6*5-od-[)
18a62ab7-d88e-3e57-a7e1-fdfeef91cfc0,Prof.,Alena,Gottlieb,"40A Boyer Orchard",Roxas,Alaminos,"New Jersey",Tunisia,756-088-699,"+63 (947) 975-9941","Funk, Hickle and Tremblay",damore.com,"Kindergarten Teacher",gray,2018-12-24,grant.windler@gmail.com,KYSBA3T:lPq:?`
2dd5e319-b279-3c3f-a604-a5cc6d499789,Mr.,Fermin,Hermann,"60A Cremin Landing Suite 167","San Fernando","Cebu City",Oregon,Montenegro,142-719-773,"+63 (911) 613-3941",Huel-Doyle,dare.com,"Tax Examiner",blue,2016-10-02,lori90@hotmail.com,"bJ(HT.eb~FX""|u"
27538a24-44c6-36f6-93b9-dbea1c45787b,Dr.,Marquise,DuBuque,"10A Stanton Prairie Suite 369",Isabela,Tayabas,"West Virginia",Estonia,820-798-343,"+63 (994) 956-0130",Lakin-Berge,treutel.biz,"Industrial Engineering Technician",purple,1980-05-09,bret15@mosciski.org,2|OOP$.xHq
be58f4ab-f962-3ae0-93c0-9d240fc1ffa0,Prof.,Ludwig,Gusikowski,"48/41 Stokes Mill","San Pablo",Gapan,Missouri,Netherlands,629-817-611,"(0921) 766-5973","Turcotte PLC",mcclure.com,"Agricultural Sales Representative",white,1974-12-31,ipollich@yahoo.com,"vD,$z4"
00a81a87-2a87-3b1a-8524-6d68e85570ac,Mr.,Sierra,Littel,"06A Crist Circles",Dumaguete,Mandaluyong,Tennessee,"Saint Martin",304-011-582,"+63 (937) 518-4369","Cruickshank Ltd",kshlerin.biz,Anesthesiologist,navy,2022-06-21,devan.aufderhar@gmail.com,",~54&|Y-#:_Em"
ed690864-b2e1-30ee-a267-eb9f46527d90,Dr.,Walker,West,"58/94 Wintheiser Summit Apt. 586",Valencia,"San Jose del Monte",Wyoming,Montserrat,276-746-331,"(0915) 774-3020","Renner, Nader and Ritchie",bartell.biz,Waiter,purple,1986-03-26,katelyn.braun@yahoo.com,"W@|p9-|Gk""!J8AQY6yk"
1abeabe0-8c22-36ba-822d-86d3281cd1b9,Dr.,Allen,Thompson,"23A/04 Haley Roads Apt. 034",Urdaneta,"Iloilo City",Tennessee,Switzerland,136-878-140,"(0916) 740-9492",Davis-Fadel,dooley.com,"Storage Manager OR Distribution Manager",teal,1977-02-08,reyna.gerhold@hotmail.com,"C+4,Y$u=`v|"
401843be-6a5d-364a-aa9a-093c88b020c9,Prof.,Pedro,Raynor,"51A Harris Common Suite 156",Kidapawan,"Cotabato City",Tennessee,"Cayman Islands",648-729-890,"(0912) 502-6239","Cormier Ltd",kassulke.biz,"Electronic Drafter",purple,2008-12-17,stanford95@doyle.com,"e;#\;595wx_^J9|Xb?"
eeb2d6e8-0c93-38e2-9943-013dc4b18da5,Ms.,Eudora,Leuschke,"79/26 Feil Shores Apt. 498",Manila,"Trece Martires",Wyoming,Hungary,139-284-029,"(0943) 138-1306","Dickinson, Stehr and Quigley",rath.com,"Plant Scientist",yellow,1992-08-09,claudia.wisoky@hotmail.com,"wZGj;~webh8,vVQPt-"
08e62402-19f9-30d3-878d-37f4c8fd53ec,Miss,Neal,Jacobs,"99A/89 Spencer Falls Suite 620",Bacoor,Roxas,"New Jersey",Italy,728-928-227,"+63 (947) 985-7733","Jaskolski Group",terry.net,Auditor,lime,2019-06-16,jefferey.heller@gmail.com,^+'N9Y9A'|L5*_
e48a57cd-c47e-3771-946a-536f21d1a592,Dr.,Nicholaus,Cruickshank,"47 Kuphal Island Apt. 932","San Fernando",Borongan,Virginia,Guinea,803-978-504,"(0973) 110-1445",Beier-Schmitt,greenfelder.org,"Mathematical Scientist",blue,1974-09-01,lemke.louisa@orn.com,_z_x)H2~
ae513387-066c-3821-a13e-2105f1241973,Mr.,Drake,Legros,"60 Funk Turnpike Suite 404",Calapan,Canlaon,Wyoming,Denmark,829-876-160,"(0932) 562-4651",Hamill-Collins,deckow.net,Orthodontist,purple,1994-02-15,lyda35@harris.com,ShG=?R
c8225fd2-17d6-36ba-ab72-37b4919270da,Dr.,Bernita,Rippin,"76/48 Haag Bridge Apt. 763",Baguio,Digos,Montana,Maldives,790-716-471,"(0922) 668-3041","Padberg, Olson and Mohr",fay.com,"Medical Appliance Technician",maroon,1996-09-27,donnelly.adan@rutherford.com,PJj=ifi
1d7e5237-9205-3585-a8b1-6a8e3c936f9a,Mrs.,Wilhelmine,Hane,"14A/39 Harvey Parkways Apt. 619",Muntinlupa,Calapan,Iowa,"Bouvet Island (Bouvetoya)",860-178-932,"+63 (912) 581-5368","Wintheiser, Conn and Corwin",wiza.com,"Social Worker",green,1986-02-15,berry.nikolaus@gottlieb.net,IhMEC?LCi0l;9Rl5
df8a506b-5bc1-384a-a15e-0a346ad6bc35,Dr.,Waldo,Welch,"77A/43 Conroy Tunnel",Cabuyao,Batac,"District of Columbia","Palestinian Territories",908-627-864,"+63 (977) 276-6443",Funk-Mitchell,wilkinson.com,"Communication Equipment Worker",black,1977-10-13,hlang@yahoo.com,23Zlxc@JQ6rBX1B2
941e5182-2bc7-348b-83ce-6d68b4080db6,Dr.,Della,Beier,"10 Lubowitz Gateway Apt. 266",Cadiz,Guihulngan,Alabama,Lithuania,139-279-332,"+63 (971) 159-8278",Hettinger-Pouros,schoen.com,Postmasters,lime,2006-09-02,aisha42@hotmail.com,"@In,e&a|il%9cc"
dd25cd2b-3703-3511-ae58-f8889b6028d3,Mr.,Laurence,Gibson,"02A Marquardt Inlet Suite 487",Tandag,Batac,Illinois,"Cape Verde",430-628-252,"(0973) 598-5307","Mertz Ltd",hintz.org,"Fire Investigator",aqua,2012-01-02,isac.homenick@gmail.com,oaBmyK9f~HTRmf
01536603-7bae-3838-9f8f-baf4a843c675,Miss,Jermaine,Crooks,"63/61 Kutch Rue","Trece Martires",Kidapawan,Minnesota,Denmark,142-934-164,"(0989) 831-9585","Roob, Ernser and Langworth",kerluke.org,"Taxi Drivers and Chauffeur",gray,2010-07-04,kitty80@reichel.com,MV6<ix
0e3e4880-5530-30b5-8536-427c5f97d3aa,Mr.,Breanne,Baumbach,"29A/76 Turcotte Parkways",Tabaco,Palayan,Pennsylvania,Korea,098-877-603,"+63 (971) 603-7714","Schinner LLC",kovacek.com,"Housekeeping Supervisor",lime,2005-06-30,koelpin.sofia@hotmail.com,"{0g""Vbk"
50c697a3-94d5-30ce-a1a7-22be2881ae58,Ms.,Tobin,Adams,"17/69 Hintz Well",Makati,Santiago,Washington,Botswana,430-883-793,"(0915) 551-8270","Runte PLC",raynor.com,"Fraud Investigator",gray,1978-03-18,mccullough.nova@hotmail.com,"6d\w&q3)yd"
d4b8dc59-9969-3a70-8bd2-7beac99c5a10,Mr.,Emmanuel,Leffler,"39A Senger Spur",Candon,Muñoz,Massachusetts,"Syrian Arab Republic",409-866-275,"+63 (979) 068-6586","Grant Inc",turner.com,"Animal Care Workers",teal,2015-07-18,laney.gutmann@hotmail.com,x2U[Yte0}xDadAVb*DY
f7896dca-bc5f-3925-a3e3-c9bcfd87c783,Mr.,Effie,Marvin,"42/68 Nienow Court","San Pablo",Bogo,Nebraska,"Western Sahara",125-752-611,"+63 (813) 613-7942","Torp, Murazik and Wisoky",mcclure.com,"Coating Machine Operator",yellow,1986-09-25,xleffler@daniel.com,"=3""^b"">%1}U-DKkY_"
ec9f0458-1c17-34ef-8438-5cfe0cf85ad0,Mrs.,Enos,Hand,"27/58 Nienow Spring",Palayan,Bayawan,"South Carolina","Cote d'Ivoire",969-955-117,"+63 (928) 374-4328",Jast-Gibson,zieme.com,"Welding Machine Tender",fuchsia,2005-04-30,marcella.ritchie@auer.com,(a'y$KO
b326aa2f-0980-3330-bf51-4c0419fc4418,Prof.,Landen,Gorczany,"74 Stiedemann Forest Apt. 922",Lamitan,Cabuyao,Connecticut,"Cape Verde",101-666-008,"(0997) 381-2012","Nienow Ltd",morissette.info,"Pharmaceutical Sales Representative",gray,2017-12-21,gilda.keeling@cassin.info,"\8ZFW*;s,"
0c606112-44bc-396e-a213-a382675e29d1,Dr.,Dan,Cartwright,"79A Zboncak Spur",Bayawan,Tuguegarao,Mississippi,Barbados,456-401-562,"+63 (926) 327-6386","Kling PLC",haley.info,"Medical Sales Representative",lime,1973-07-25,irwin.powlowski@yahoo.com,"T=n9juZZN4Fym\tG"
bd5ca602-ef45-360c-8a4e-bf44a397d499,Mr.,Kendrick,Mante,"20 Hartmann View Apt. 506",Lamitan,Valenzuela,Florida,"Papua New Guinea",670-006-495,"(0920) 063-0282","Becker, Greenfelder and Wisozk",ondricka.com,"Health Services Manager",fuchsia,1996-08-31,justyn.konopelski@willms.org,bJ'o.q
7eec16f7-6626-3f92-ab21-e33ca1dbd98b,Mr.,Berenice,McLaughlin,"19/33 Leannon Glen Suite 105",Bago,"Davao City",Alabama,Aruba,306-799-900,"(0994) 406-7543","Schinner, Walker and Harber",dare.com,Microbiologist,blue,2014-12-29,schultz.jakob@mccullough.org,"A$V\ERv!_2MaX=<TqA|"
2cb903d5-766f-3ad6-b884-e6a4ed7187f8,Miss,Lewis,Paucek,"54/35 Walter Drive",Lamitan,Tacloban,Wyoming,Spain,527-217-944,"+63 (949) 573-4548","Corwin, Daniel and O'Hara",jerde.com,"Agricultural Equipment Operator",silver,1985-01-20,frieda80@nitzsche.info,)^san&[a{DEP-
0633f58b-42d1-352e-a68d-c6899eda7121,Dr.,Orie,Nitzsche,"89/32 Anderson Island",Guihulngan,Samal,"North Carolina","Norfolk Island",685-105-803,"+63 (994) 855-8955","Roberts LLC",nitzsche.info,Webmaster,maroon,1992-02-27,kara.paucek@hotmail.com,"+@QWW""(M|ETM9bJT9"
20f521c1-7ee5-3e9f-a4b6-0e55f3e0807a,Prof.,Bonita,Beier,"12A Haley Islands Apt. 581",Ormoc,Alaminos,"Rhode Island",Korea,606-707-978,"(0943) 012-3037","Hessel, Kuphal and Cole",quitzon.org,"Elevator Installer and Repairer",green,1980-06-10,audra.doyle@gmail.com,+!rjdLi@R^e.0HW@
0e521f45-b536-3165-b3a6-f189a7d019bf,Miss,Antonietta,Hickle,"53 Wyman Fall Apt. 446","Zamboanga City","Davao City",Arkansas,"French Polynesia",996-825-575,"(0989) 925-4468",Howe-Mante,rolfson.com,"Court Reporter",purple,1996-06-20,mann.angelica@berge.com,4d6#*qw=s>sA
c3c39675-8a7f-322a-9926-03e948f69231,Miss,Noemi,Ledner,"86/27 Abbott Cliff Apt. 223",Sagay,Valencia,Tennessee,Greenland,738-340-949,"(0936) 174-1653",Ritchie-Windler,friesen.org,"Costume Attendant",maroon,1990-05-14,xfay@hoeger.com,lazn/T`nVmaQ[amS
b09cc8c9-e848-36a2-972a-b3e62e1c0fea,Prof.,Sylvia,DuBuque,"51A Dickinson Lock",Ilagan,"San Carlos",Alabama,Anguilla,642-777-453,"(0911) 044-5709","Stoltenberg PLC",terry.com,"Anthropology Teacher",fuchsia,2020-11-19,ondricka.cassidy@spinka.com,2Cn$U{dgJ$d'v
18679ff4-502b-361d-9f71-1afaf37da0c1,Prof.,Reva,Thompson,"18A/12 Hegmann Island",Koronadal,Tabaco,Minnesota,"Saint Lucia",575-964-566,"(0927) 430-9188",Roob-Hoeger,goodwin.biz,"Communication Equipment Repairer",purple,1980-02-28,buster.volkman@lubowitz.biz,_WaU4|.#%(J-J4<
24be9ed9-0eb8-3749-9a51-fe1a0588095f,Prof.,Kelton,Borer,"24A/84 Pagac Tunnel",Dasmariñas,Dapitan,Indiana,Poland,671-266-225,"(0932) 042-8086","Kris, Mohr and Harber",lindgren.biz,"Claims Adjuster",purple,1974-09-07,brionna31@gmail.com,UzY|Nvb4m)7vcHmSi~
8ac34e0d-4e3a-3778-af33-83353cc7e9fe,Prof.,Maryam,Kuvalis,"53A O'Reilly Highway Apt. 416","Cotabato City",Pasig,Iowa,Cambodia,263-447-701,"+63 (915) 797-4880",Ferry-Oberbrunner,kemmer.com,Biochemist,aqua,1971-01-13,cgorczany@block.net,IM4rb*6q
78d62790-b91b-3ea3-9660-d437e580cfef,Dr.,Gerard,Gibson,"41A/45 Feil Stravenue",Tabaco,Koronadal,Oklahoma,Comoros,675-823-519,"+63 (949) 347-5402","Tremblay PLC",ullrich.net,"Director Religious Activities",white,1993-12-05,blanda.bradford@yahoo.com,"G.;\wv&&&=""p3b"
efe67994-c6f7-3749-abcb-284c8857ad2f,Dr.,Remington,Jast,"75A/60 Jakubowski Extensions",Isabela,Olongapo,Nevada,Jordan,885-164-050,"(0915) 935-5924","Jones PLC",pfeffer.info,Roofer,purple,1973-10-30,samson14@yahoo.com,zx}K0B$|ayWS=?r<?
90288f07-a8b5-3bd8-bf2a-33340d15220c,Mrs.,Alfonzo,Block,"94A Crooks Glen",Tacloban,Sagay,Oregon,Maldives,074-458-085,"+63 (937) 551-2805","Robel, Rath and Cassin",kassulke.com,"Advertising Sales Agent",green,2022-08-25,emilio49@doyle.com,"i]dRSYQi!vx""dYqA0"
fbd4ebb2-454e-34e8-9dbc-cbb3bcec68c2,Mr.,Jevon,Abbott,"31/20 Rau Brooks","San Jose del Monte",Mandaluyong,Illinois,Congo,301-901-042,"+63 (938) 231-5526",Koepp-Rau,block.info,Artist,yellow,2007-06-21,hudson.peter@gutkowski.com,N2GGb1Y1h2@b
097b6858-714b-3b0d-ad63-9e57d67cd698,Dr.,Jenifer,Nikolaus,"81/16 Breitenberg Trafficway Apt. 365",Canlaon,Muñoz,Missouri,Argentina,296-454-122,"+63 (978) 005-8822","Heidenreich, Schinner and Ward",kemmer.biz,"Traffic Technician",purple,2001-06-11,bhaag@hotmail.com,"(^@lNr9&K&;.c"""
23f7da41-ed60-3d7f-b3f2-9d36e03c097b,Prof.,Monica,Jast,"06A/17 Runolfsdottir Mountain Suite 705","Cotabato City",Marikina,Vermont,Guadeloupe,499-600-900,"+63 (920) 685-0019","Aufderhar, Funk and Stroman",breitenberg.com,"Government Service Executive",aqua,1995-08-07,qhayes@gmail.com,"""BMkwg$g1a->gG]c<~IL"
79220366-972d-30d5-ba68-c8265f9f45d5,Dr.,David,Dare,"79/15 Smith Mountains Apt. 389",Makati,Cabanatuan,Ohio,"Papua New Guinea",582-378-627,"(0939) 345-3455","Bartell and Sons",okuneva.biz,"Camera Operator",gray,2009-05-11,dorthy.eichmann@huels.net,moOM{Nk]w;^zteCS
c89391ec-58b9-3de7-91ae-691f43858679,Mr.,Mylene,Gerlach,"83A/28 Kihn Ville Apt. 887",Biñan,Manila,Georgia,Spain,857-402-462,"(0930) 145-1546",Nikolaus-Mayert,willms.info,"Private Detective and Investigator",navy,2001-11-21,nathen15@hotmail.com,!`AJq2'c}4b)t8[j68
c2fe536e-f232-3378-833f-ae612bf2dd1a,Mr.,Felton,Gibson,"33A Walter Springs",Calamba,Tayabas,Montana,Netherlands,527-492-412,"+63 (978) 164-0811","Smitham and Sons",orn.org,"Natural Sciences Manager",aqua,2020-08-10,mabelle.zemlak@bergstrom.com,a-=oO8r
46074300-8cd1-397f-b1a5-f24df78d3f3d,Dr.,Magali,Schultz,"92 Bergnaum Groves Apt. 870",Balanga,Kidapawan,Maryland,Chile,063-833-946,"+63 (937) 535-4976",Vandervort-Robel,marvin.com,"Electronics Engineer",gray,1981-08-12,veum.emilie@mraz.com,":y}|#j\3"
bbb88a0e-b658-392a-9d82-bf43fdd4aecc,Mr.,Francisco,Spencer,"82 Ratke Forges Apt. 830",Talisay,Ormoc,"Rhode Island",Turkmenistan,689-489-514,"+63 (998) 365-0933","Hand LLC",roberts.com,"Human Resource Director",green,2016-11-10,auer.alexane@marquardt.info,+!=x-g6c%9
4309bd12-ae79-338f-9fd1-9388789ede11,Prof.,Jairo,Dooley,"94/28 Kemmer Track Apt. 801",Palayan,Navotas,Louisiana,Pakistan,085-511-299,"(0907) 019-3727","Gibson PLC",smith.com,"Pest Control Worker",gray,1992-02-03,dcartwright@yahoo.com,"(q1WBPzc<q,9"
bf604384-bbdb-3b95-a801-15a36e99977d,Miss,Angelo,Schaefer,"84/60 Runte Corners Apt. 523","San Fernando",Cabanatuan,Oregon,Cambodia,603-999-944,"+63 (997) 564-5828",Williamson-Cartwright,heaney.org,"Food Tobacco Roasting",yellow,1996-10-24,jude35@bergnaum.com,"{@g\/*)9!{^h_W&]R"
5d0b17cc-b664-3517-b8f6-acb99e76dc91,Prof.,Letitia,Bogan,"28/81 Kirlin Pine Apt. 990",Bogo,Tagaytay,Delaware,Barbados,622-291-776,"(0994) 321-9887","Kulas, Donnelly and Wyman",wintheiser.com,"Computer Scientist",teal,2013-02-05,xbartoletti@wisoky.com,[0y`QNc=s{#S1]b
acfc61d8-6867-31c2-93ec-e8e67b54b258,Miss,Randall,Hoeger,"98A Gerhold Stream Apt. 341",Antipolo,Tabuk,Minnesota,Mali,560-212-847,"+63 (910) 422-9893",Roberts-Dietrich,littel.com,Millwright,purple,1988-08-08,asporer@hotmail.com,YMnklgB#Lo<^NcGHC]
7cb31075-7c64-37da-abe1-ae5113ae036b,Ms.,Meta,Romaguera,"21A/09 Keeling Forges","San Pablo",Guihulngan,Utah,Tanzania,404-536-217,"+63 (944) 874-9566","Feil, Klein and Buckridge",gleichner.biz,"Pipelaying Fitter",white,2006-06-18,thalia.daniel@yahoo.com,"J8i3OI{^U),?"
64cf999b-9053-308d-a06c-2efee08da0df,Mr.,Fanny,Medhurst,"23 Littel Forges Suite 693",Lucena,Urdaneta,Iowa,"Falkland Islands (Malvinas)",978-754-874,"+63 (979) 424-8659","Denesik Group",wiegand.info,"Commercial Pilot",teal,2023-05-12,jessika.cormier@zboncak.info,RM%CCv
5771277f-3ee5-3796-a7e8-78be90fdfd63,Dr.,Kaitlyn,Gutmann,"90/94 Aufderhar Creek",Passi,Silay,Arkansas,Tunisia,675-758-193,"(0923) 894-1312","Sawayn, Rice and Wehner",larson.info,"Production Helper",blue,2022-05-11,sydni94@yahoo.com,",z9yTFVi|h!5N@CyFslb"
dfb95c55-39d9-3c20-85e9-3d8031f7dd44,Mr.,Carlee,Weber,"49A Quigley Rue",Tagum,"San Fernando","New Jersey",Ghana,630-879-812,"+63 (923) 200-3343","Heller, Harvey and Nolan",wilkinson.com,"Credit Authorizer",teal,2016-07-29,carolanne12@hodkiewicz.com,'y3[`^kX#[%6=l[
ee239071-03a0-37fa-975d-0c224fc3b0bc,Mr.,Aletha,Hirthe,"54A Schimmel Alley",Lucena,Tayabas,Iowa,Argentina,555-301-942,"(0813) 465-7271","Zulauf, Grimes and Hermiston",beier.net,"Power Generating Plant Operator",black,1985-05-23,yturner@weimann.com,"^Eyztzr,I"
329703ac-4f36-33ab-9ee6-0133cc30ac18,Mr.,Camilla,Gleichner,"37/84 Dicki Burgs",Guihulngan,"Cavite City",Kansas,"Saint Kitts and Nevis",058-196-632,"+63 (908) 709-6057","Okuneva, Yost and Dare",kuhlman.com,"Hairdresser OR Cosmetologist",yellow,2006-06-16,kunze.herbert@windler.com,_^J_lju^ld^~e~{
2427d38e-d6d4-36ba-a135-dc5ce98bbac4,Miss,Odessa,Bartell,"57 Rath Mountain",Digos,Tabuk,Iowa,Bulgaria,179-490-433,"(0908) 057-4956",Fahey-Larkin,legros.com,"Telephone Operator",olive,1982-07-28,hrodriguez@yahoo.com,+$_Ki)
325e403e-f359-38fe-bc47-a36427889e12,Miss,Ari,Tromp,"56 Orn Stream",Silay,Oroquieta,"South Carolina",Niue,437-293-001,"+63 (922) 541-9701","Hegmann, Batz and Rohan",raynor.com,"Medical Equipment Repairer",silver,2011-04-22,rwiza@cartwright.com,"k|""t^oBj<u"
c9e117da-e303-35c2-a9b7-23e824e5a425,Dr.,Bonita,Welch,"69 Gottlieb Circles","Trece Martires",Sipalay,"New Hampshire","Lao People's Democratic Republic",429-440-284,"(0997) 915-8765","Keeling Group",wehner.com,"Milling Machine Operator",green,2006-07-11,vmosciski@cummings.com,)_g!Z8
e2fb93b9-9bac-3ba5-8454-afedefa5ac80,Mr.,Astrid,Stark,"11/91 Kuhic Garden Apt. 200",Tangub,Kidapawan,Nebraska,Zimbabwe,927-442-797,"(0934) 810-4501","Cole, Beahan and Haley",hudson.biz,"Photographic Developer",gray,2004-09-29,jaylan25@gmail.com,"@mfX\Z+V_"
d4ed0327-a132-3a2c-bd59-0e9d648f66a3,Dr.,Kelley,Wilderman,"98A/56 Dibbert Roads",Santiago,Kidapawan,Alabama,Japan,159-305-699,"(0998) 047-2452","Reynolds Ltd",cole.com,"Shoe and Leather Repairer",gray,2000-05-05,htremblay@hotmail.com,hGOEL#:RV
58b38e49-6ba7-3551-8c7b-28462b497ff1,Prof.,Charlene,Kub,"32 Streich Gardens Apt. 423",Cauayan,Dagupan,Mississippi,Gabon,470-041-176,"+63 (935) 747-6986","Goyette, Fahey and Schmitt",dickinson.net,"Pipe Fitter",lime,1977-10-26,domenick50@hotmail.com,mNZhw~
5d5b2c18-a734-3829-8b77-e9eef81bc38d,Prof.,Hubert,Lesch,"61/97 Kunde Landing Suite 751","La Carlota",Ligao,Michigan,Belarus,495-832-718,"+63 (908) 419-8205",Kshlerin-Connelly,okeefe.com,"Human Resource Manager",fuchsia,2010-05-26,born@nitzsche.com,"f;9f[:)]""0?E+GmIhL"
ec84861c-c714-36d2-a0f7-ed910de0d98c,Prof.,Adolfo,Ruecker,"30A/21 Schroeder Turnpike","La Carlota",Malabon,Texas,Lebanon,513-781-496,"(0942) 204-2228","Smitham, Paucek and Oberbrunner",greenfelder.org,"Nuclear Technician",teal,2015-08-05,olarson@yahoo.com,N(M@OWM|
613cee7f-fbed-3c23-93c5-9438e31ded51,Prof.,Eleonore,Hodkiewicz,"93/61 Jast Estate Suite 804",Tabaco,Iriga,Wisconsin,Djibouti,528-625-882,"(0978) 567-0089","Witting Ltd",schroeder.com,"Lodging Manager",lime,1977-12-02,lueilwitz.sandy@gmail.com,A*dOX+e4RFNyR=t6|
3be6bd95-b79f-34ca-b79b-42d168aeabb5,Ms.,Luciano,Erdman,"19 Grimes Route",Guihulngan,Baybay,Oklahoma,China,665-100-086,"(0915) 065-8711","Kautzer, Gottlieb and Stokes",russel.com,"Door To Door Sales",purple,2012-03-30,haag.desmond@gmail.com,g$U&m`0~y
df14613f-8b05-34ca-b86d-ce0548845cda,Dr.,Gregorio,Batz,"80/69 Pagac Stravenue",Bacolod,"San Carlos",Wyoming,Kiribati,535-442-935,"(0998) 413-7163","Kassulke PLC",hyatt.com,"Respiratory Therapist",navy,2002-06-21,xbernier@quitzon.com,AJ+A%>eG8=Z>T:n-cA4
1760e14f-239b-3fbc-8d74-1ab1b54c9ef1,Prof.,Deshaun,Berge,"45A Gleichner Port Apt. 219",Sipalay,"San Fernando",Idaho,Georgia,664-621-499,"+63 (916) 533-1997",Schiller-Gorczany,lemke.net,"Rolling Machine Setter",aqua,1989-11-13,houston91@goldner.com,c51r9zdK)Z
467f19b9-f639-34df-acce-4289b22cff7d,Dr.,Zechariah,Schumm,"72A Stracke Brooks Apt. 266",Gingoog,Caloocan,Hawaii,Netherlands,110-834-387,"+63 (943) 042-7106","Kub LLC",watsica.com,Brickmason,black,2013-09-05,thea25@gmail.com,!*BV&N>e
5574ae2d-f830-3585-b1c6-cf0178d6c38e,Dr.,Oral,Zieme,"03A Conn Trail Suite 719","Zamboanga City",Passi,Nebraska,Oman,954-158-537,"(0925) 682-9734","Abbott Group",koss.net,"Instructional Coordinator",silver,1986-06-30,wilderman.chloe@dicki.biz,"~[8fN,$Sj}#GK"
95ebfda5-85f1-3ac3-999f-32ef9fa72a80,Mr.,Duane,Satterfield,"20/59 Nienow Square Apt. 776",Guihulngan,Meycauayan,Nevada,Serbia,985-059-380,"(0999) 466-6298",Muller-Kreiger,king.org,"Cement Mason and Concrete Finisher",silver,1991-07-17,savanna.osinski@hotmail.com,"p\1Ww,9ZdvhI\"
8c85bd78-d0da-3f12-b07a-007e402a2e24,Dr.,Guiseppe,D'Amore,"21A Wyman Orchard",Escalante,Guihulngan,Arizona,"Norfolk Island",843-654-274,"+63 (817) 167-8592",Quigley-Zulauf,crooks.org,"Metal Worker",white,1978-12-08,eileen01@wolff.com,q7:&8K#*s!}bGL&cyG
6ee02c4a-94da-3116-84b2-acf6e973dcc3,Ms.,Angelina,Auer,"59A/24 Littel Hollow",Tabaco,Tayabas,Idaho,"Isle of Man",078-116-343,"(0934) 078-0262",Beatty-Goyette,johnson.org,Counselor,purple,1991-04-25,don.senger@krajcik.com,9)oCP*Qt
5f9ad5da-9f7c-34f6-b9b1-4d7235f73f72,Dr.,Talia,Wolff,"84A/77 McCullough Prairie Suite 316",Cauayan,Legazpi,Maine,"United States Minor Outlying Islands",008-011-527,"(0925) 420-7578",Grant-Bahringer,rosenbaum.com,"Nuclear Engineer",fuchsia,1997-02-11,vkozey@gmail.com,=PA3rg}4{1YAn]-%sH/
426b8019-ebf1-363b-b096-a9b98341287c,Mrs.,Salma,Lueilwitz,"74A/70 Dietrich Motorway Apt. 128",Canlaon,"Cavite City",Arkansas,Bolivia,294-662-097,"+63 (915) 219-6018",Hermann-Wyman,okuneva.com,Engineering,yellow,1982-04-23,carlotta.king@yost.biz,?Ym&d|e&
7961309b-a94e-3b6c-82d1-8cb3d25fba61,Prof.,Felipe,O'Connell,"52 Dach Locks",Malaybalay,Dumaguete,Montana,"Saint Helena",499-750-045,"+63 (928) 710-0329",Rempel-Bruen,hagenes.com,"Reporters OR Correspondent",green,1974-05-08,german40@yahoo.com,zLYv'oCyg)b##i
250ed9b3-6fa4-3e28-9879-a309f51a31c1,Dr.,Sylvia,Heller,"74 Krajcik Estates Suite 558",Tayabas,Lapu-Lapu,Wisconsin,Uzbekistan,871-134-706,"(0910) 056-2631",Marvin-Effertz,swift.net,"Electrical Power-Line Installer",fuchsia,1978-07-26,farrell.chyna@shields.com,<jhD2TjAh
31587923-b1da-3d78-a051-293e1b3181c9,Mr.,Chaim,Kilback,"89/27 Huels Rapids Apt. 818",Valenzuela,"Tarlac City",Louisiana,"Turks and Caicos Islands",883-444-370,"(0974) 966-6819","Dicki LLC",vandervort.com,"Elementary School Teacher",olive,1980-05-11,gleason.kelley@pouros.com,:#.}TuI
85fcaac1-e01f-3810-951b-ef57e296f1a5,Dr.,Leslie,Gusikowski,"41A Beier Pike Apt. 314",Cabuyao,Angeles,Maine,Poland,010-611-528,"+63 (977) 906-5150","Mertz and Sons",baumbach.com,"Nuclear Medicine Technologist",lime,1980-11-25,maude.okeefe@anderson.biz,"JD_}g:+(%zn;8JmK,"
c538a09e-deaf-3441-911d-cecc1b50303f,Prof.,Monserrat,Kreiger,"68A/42 Murphy Shoal Suite 959",Mandaue,Bayawan,"North Carolina","Bouvet Island (Bouvetoya)",047-044-297,"+63 (947) 580-7029",Dibbert-Anderson,barton.org,"Eligibility Interviewer",maroon,1974-02-12,grady.rachael@gmail.com,"\vFQM-@TLS8yTu"
114c426d-867d-35c4-ac87-a652f994fb03,Dr.,Otilia,Kreiger,"81A Jaskolski Estates","Surigao City","San Carlos",Utah,"Falkland Islands (Malvinas)",980-421-407,"(0971) 412-4389","Kuhlman, Medhurst and Marks",von.org,"Insurance Appraiser",silver,1973-02-07,kallie16@gmail.com,=IY>+E<vJ
b6f76596-5e44-3f88-9b9a-5cd7c1784cbd,Dr.,Howard,Kessler,"86/67 Walker Oval Suite 888",Pasig,Tacloban,Illinois,Ukraine,528-635-062,"+63 (932) 445-0449","Frami LLC",bernier.org,"Structural Metal Fabricator",olive,1974-04-27,legros.susanna@gmail.com,":+}E\)=B=Ni&%79"
02245203-700b-3648-a975-3b7454c5dadc,Dr.,Ashleigh,Hilpert,"02A Buckridge Haven",Manila,Victorias,Virginia,"British Virgin Islands",628-595-788,"+63 (973) 188-2555",Lang-Crooks,lubowitz.com,"Structural Iron and Steel Worker",maroon,1994-06-06,sasha.rutherford@bahringer.com,i%U?/o3>un|0:e
95a9a70e-92b4-352b-b750-e56e73e449e7,Prof.,Jeanie,Hessel,"03A/57 Bauch Circle Apt. 127",Tayabas,Angeles,Alaska,Aruba,915-941-756,"(0908) 571-5745","Deckow, Maggio and Leffler",friesen.net,"Orthotist OR Prosthetist",gray,1971-01-12,colin.tromp@anderson.biz,9c)X[wrx6AxZ9|uta@Wj
77da4671-ce60-3f07-a7a2-7adad510e66f,Dr.,Keith,Brakus,"20 Rippin Tunnel",Dapitan,Iriga,"South Carolina",Guinea,821-203-371,"+63 (915) 624-2543",Barton-Schamberger,jones.com,"Library Science Teacher",black,1977-12-08,trace68@hotmail.com,FgMyY-Phl<t3I&
2b063d60-e138-33d4-80f3-cdf02ddb311d,Mr.,Francisco,Kiehn,"96/44 Zemlak Harbor",Mandaue,Dasmariñas,Massachusetts,Belize,164-575-089,"(0907) 224-5687","Leannon, Cremin and Braun",ullrich.org,"Production Laborer",aqua,2008-11-06,tbeer@ernser.com,gJKliMNa?cP8uoP*j.
a4d2bd1a-f710-323c-8871-83a0609009c1,Prof.,Cornelius,Boyle,"31 Grady Via Apt. 921","Zamboanga City",Lapu-Lapu,Indiana,"Dominican Republic",805-653-432,"+63 (944) 538-1691",Konopelski-Weimann,frami.com,"Parking Lot Attendant",purple,2020-01-04,flavie12@mertz.com,/e+C`Lu
b9c3dc8e-c94a-3369-9a64-ef5679d57337,Prof.,Aiden,Steuber,"87A/83 Nader Village Apt. 579",Kabankalan,Gapan,"South Carolina","Libyan Arab Jamahiriya",480-867-632,"+63 (937) 075-8658",Robel-Kub,runolfsdottir.com,"Supervisor Correctional Officer",lime,1992-05-10,rice.henriette@stanton.com,Cv2Gt!u*7v?6U(GS][
8897cf18-5746-3b85-96d6-cf75a9c8ad9c,Mrs.,Yvette,Hansen,"93/85 Kunde Mountains Apt. 042",Iriga,Tagum,Wyoming,"French Southern Territories",311-226-232,"+63 (917) 762-7384",Larson-Erdman,buckridge.org,"HVAC Mechanic",purple,1971-05-12,bernardo.goldner@greenfelder.org,"dB.)C,r,Bdk6'"
cfe5a978-dabc-3641-9f68-996cdd04e985,Mr.,Marisa,Daugherty,"21 Mante Forge Apt. 697",Talisay,"Trece Martires",Delaware,Mauritius,154-178-669,"(0927) 563-8816","Jaskolski LLC",ryan.biz,"Management Analyst",teal,1986-05-17,laron.oberbrunner@tromp.com,^8[&Mt>^Q
a1cc85dd-1645-38e4-9b6c-a0282b382f2f,Prof.,Enid,Thompson,"61 Sipes Inlet",Butuan,Victorias,Maryland,Belgium,121-387-430,"(0931) 579-4551",Stokes-Hoppe,gulgowski.info,"Keyboard Instrument Repairer and Tuner",purple,1971-09-28,jaeden.weber@yahoo.com,.=fmp;t#sPBt|{G@nB
ab02292c-3ddf-3dd4-a648-b9a11a692793,Dr.,Sunny,Bailey,"17 Stracke Fields Suite 208",Ormoc,Marikina,Michigan,Barbados,759-784-150,"+63 (928) 971-0195",Schoen-Franecki,kunze.net,"Forest and Conservation Technician",maroon,1995-09-06,haley.ara@lakin.com,"q~8Ju\.rT?lMB)G7%&1|"
4999a84f-b109-3368-9699-c11d14eddce4,Prof.,Madilyn,Trantow,"79A Crist Inlet",Butuan,"Quezon City",Illinois,Panama,851-208-746,"+63 (817) 044-1304","Wunsch Group",price.com,Assembler,black,2020-03-14,harvey.geovanni@hotmail.com,XMBMH/8rb-_
f88f959c-60df-3a4e-8781-c3c6bc9bc2e9,Prof.,Reyes,Friesen,"07A/62 Blick Ridge","San Fernando",Tagum,Louisiana,"Sri Lanka",312-024-337,"(0923) 190-5977",Bode-Schmeler,fadel.net,"Agricultural Crop Farm Manager",aqua,1981-08-29,jmayer@bode.com,"*7-?X""~h.D597%~W(H"
eed13442-d3b6-3e8a-bdb2-1d1d44becb44,Prof.,Jaylin,Kutch,"74A/03 Kilback Forest",Gingoog,Manila,Minnesota,Kiribati,078-853-686,"(0997) 757-0878","McDermott PLC",wolf.info,"Home Appliance Repairer",green,1999-12-15,wilfrid28@boyle.com,Q^)d_pW
89f74134-da79-32ec-b5ee-dd43e3f5e9d2,Dr.,Pinkie,Thompson,"49 Nicolas Grove Suite 068",Tanjay,Calbayog,Tennessee,Georgia,446-612-234,"+63 (909) 345-6590",Welch-Goldner,volkman.org,"Locker Room Attendant",gray,1995-08-19,rafaela.medhurst@ondricka.com,-QyhZ<gS
27c4a1aa-d79b-38cd-9c69-768a34a80ce3,Miss,Roderick,Thompson,"12 Hodkiewicz Forges","Surigao City",Canlaon,Kentucky,"Cayman Islands",968-182-577,"+63 (994) 173-0246",Schoen-Wintheiser,becker.com,"License Clerk",navy,1978-01-15,barbara.considine@yahoo.com,q)G3X'$`Him;+8
83dc3684-2cf0-3c48-82a5-00b690020323,Prof.,Kameron,Mante,"71A Barton Neck","Sorsogon City","Santa Rosa","New Hampshire",Rwanda,797-085-330,"(0933) 841-1056",Koch-Prosacco,bayer.com,"Graphic Designer",yellow,1994-01-29,freddie.brakus@yahoo.com,8|lbvhw>-
5550a6af-0083-3dca-ba17-c80f1ea24f31,Mr.,Bernice,Gorczany,"28A/94 Hettinger Glen Apt. 861",Tabuk,Lucena,Arizona,Gambia,780-333-677,"+63 (975) 313-6804","West, Aufderhar and Beier",bogisich.com,"Art Teacher",silver,2012-02-03,rollin.schaefer@hettinger.com,=xI-Q#EZg3h(
93bd75c7-614f-3328-bb2b-89cb544d6ea4,Dr.,Tre,Weber,"45A Marquardt Mews","San Jose del Monte","Cotabato City",California,Timor-Leste,680-173-145,"+63 (933) 028-9153",Weber-Howe,wehner.com,"Umpire and Referee",yellow,1997-04-15,sylvester.crist@padberg.com,"uAB+x+Vq'-~yKw,%vM"
831baf27-030f-3687-a64f-eed105be83e7,Prof.,Reese,Bernier,"61 Bernhard Track Suite 431","El Salvador",Dasmariñas,"South Dakota",Moldova,688-079-794,"(0917) 230-1783","Runolfsson Inc",ritchie.org,"Computer-Controlled Machine Tool Operator",green,1988-03-25,anjali.wilderman@oreilly.com,H&6fuAot&=s
57ebea25-dd9b-373e-96ab-945b38e3ef93,Prof.,Genoveva,Bruen,"18A Swift Forest",Tagaytay,Ozamiz,Oregon,Reunion,744-232-363,"(0912) 412-1354","Frami, Pagac and Ebert",king.com,"Precision Instrument Repairer",teal,2019-06-20,gerhold.carlos@hotmail.com,~`Gz9<OoVNuL#+?tXuC{
317ec5f8-44f9-3bf8-9683-c39782e59a45,Miss,Golda,Ledner,"90 Trantow Port Apt. 414",Tagaytay,Antipolo,Florida,"El Salvador",077-569-387,"(0977) 890-2621",Weber-Marks,koelpin.info,"Ship Engineer",purple,2022-01-19,becker.carol@gmail.com,"$c{VBY,,}ao_!x.LdQ2"
45d4cfa2-20c4-3798-9144-32aa1bd61c62,Mrs.,Rowena,Hegmann,"23/81 Olson Curve",Tagbilaran,Angeles,California,Poland,625-549-177,"+63 (908) 110-8336",Frami-Douglas,hermiston.info,"Sketch Artist",fuchsia,1991-02-21,candida.hahn@abshire.com,3u<nPym(Xm4?P
49d7a839-8a10-3649-b7e8-5800b79e720c,Dr.,Casper,Kessler,"76/55 Wilkinson Lakes Suite 920","San Carlos",Bislig,Nebraska,"United States Minor Outlying Islands",715-583-494,"(0930) 113-5957","Grant Ltd",fadel.biz,"Copy Machine Operator",olive,1992-05-25,boehm.luigi@hayes.com,"=Ch""!q_jz"
cd5692ee-7d06-34c4-b694-eab25f969cc5,Miss,Ansel,Legros,"86A Waelchi Tunnel Apt. 101","Cotabato City","San Fernando",Iowa,Mauritania,052-817-267,"(0939) 124-7142","Yost, Rau and Fritsch",runolfsson.com,"Insurance Appraiser",gray,2024-06-09,ngrimes@hotmail.com,E=uu0+;Y@y5{uGjtG+M!
b683deca-f992-3543-a0a6-e0c21fdf01de,Prof.,Kari,Durgan,"82 Braun Mountains Apt. 665",Malolos,Cabuyao,Minnesota,Bulgaria,219-439-185,"+63 (935) 887-2614","Kessler, Swaniawski and Bradtke",rohan.com,"Extruding Machine Operator",aqua,1975-04-21,rose16@swaniawski.com,"hclvyg.@6,4)>4]p:}"
4da133e2-b435-3640-b68f-d6157c351f18,Dr.,Devante,Halvorson,"34A/97 Hessel Spurs",Santiago,Tacurong,Nevada,Uzbekistan,937-872-511,"(0998) 434-2509","Stehr, Grady and Gutkowski",bins.com,"Umpire and Referee",black,1992-05-16,jschimmel@gmail.com,"+nhO}l"""
41004915-0b14-3d4d-be5f-c66971de40c6,Dr.,Ronny,Feest,"65A/41 Tremblay Bypass Suite 840",Tagbilaran,Malaybalay,Indiana,Serbia,745-279-837,"+63 (927) 744-9066","Leuschke, Kris and Dooley",tremblay.biz,"Electronic Engineering Technician",fuchsia,1988-04-04,utrantow@hotmail.com,"ck/jR$5g),7Dq$gaM~"
7fd7b97f-635d-3717-9d5b-8e2636f1df52,Prof.,Theresa,Denesik,"74A/50 Fadel Circles Suite 257","San Fernando",Alaminos,Arkansas,"Saint Barthelemy",018-150-207,"(0996) 712-7419","Pagac, Mueller and Rodriguez",willms.biz,"Casting Machine Operator",aqua,2017-04-13,ajohnson@johns.com,^Z?lZeWTD2#h91')%dZO
277eee0a-b785-3e72-8830-d28197630567,Prof.,Simone,Howell,"70 DuBuque Estates",Olongapo,Bais,Colorado,Qatar,656-910-901,"(0928) 949-7340",Ernser-Kub,littel.net,"Occupational Therapist Assistant",blue,2014-05-29,bridie05@hotmail.com,+HFPUA0tg({kC=>
2677fdfe-511f-3a11-9881-49119af04458,Dr.,Destin,Mann,"72 Walsh Prairie",Lucena,Sipalay,Missouri,Macao,386-884-556,"+63 (994) 795-8566","Heller Group",wolf.net,"Railroad Conductors",black,1977-09-04,jcole@stark.org,Hx|J+2EnK_w3&u^pP`W
d4873cd9-9799-38e9-96f8-82313e501ee8,Prof.,Rosamond,Casper,"19 Rath Vista",Ormoc,Makati,Arizona,"Holy See (Vatican City State)",675-800-585,"+63 (921) 385-6864","Greenfelder, Bergnaum and Ryan",fahey.com,"Transportation Equipment Maintenance",purple,1972-01-22,amya.larkin@padberg.org,"|j]1yxfO""yW0>;v*"
e6130365-648b-3a63-bac2-2ed07e0857d6,Miss,Jovan,Bode,"66A Cronin Mountain","Masbate City",Makati,Arkansas,Somalia,675-507-449,"+63 (977) 989-8807","Wolff PLC",heller.net,"Production Laborer",teal,2001-06-09,cklocko@flatley.biz,"""Mx4|2hKLfW7\=g"
19de2928-e565-364e-8400-49832bdc4bb0,Miss,Robbie,Bauch,"71/34 Collier Common",Lamitan,"San Fernando",Illinois,Romania,862-099-488,"+63 (937) 155-9846",Kling-Hyatt,funk.com,"Semiconductor Processor",navy,1993-02-25,mina93@koss.com,yAaHQA+hC!*<
34090b18-5115-3ed2-8abc-bd4441425fc9,Dr.,Brett,Kulas,"05A Koepp Crescent Apt. 697",Dapitan,"Trece Martires",Nebraska,Gibraltar,253-466-601,"+63 (931) 706-7076","Koepp, Turcotte and Altenwerth",sauer.com,"Extruding Machine Operator",maroon,1990-03-19,viviane.schumm@yahoo.com,"*mkXwxI\996|NB[O"
331072fe-5bc4-37bc-96b1-8c26365ce853,Mr.,Kimberly,Klocko,"60A Treutel Stream Apt. 424",Malaybalay,Himamaylan,"New Mexico",Georgia,560-482-187,"+63 (934) 748-7991",Armstrong-Jones,jacobson.com,Patternmaker,silver,2009-04-13,kcorwin@yahoo.com,"N4i`,f""m"
0040997e-ed98-3e2b-9e3a-5bdcf88b2b0c,Mr.,Roberto,Wilderman,"11/79 Cassin Oval Apt. 653","San Pedro",Ozamiz,Colorado,Kazakhstan,458-402-814,"+63 (931) 597-1867","Spinka and Sons",doyle.com,Internist,yellow,1992-02-01,noel81@yahoo.com,"d\N@t(|A""?,"
54087c66-cb3d-328d-a8d0-e9ef1a3c5706,Prof.,Emile,Cummings,"48A/63 Weimann Forge Apt. 208",Tanjay,Roxas,Texas,Eritrea,591-259-841,"(0980) 823-6710","Weber and Sons",swaniawski.com,"Stone Cutter",aqua,1983-12-25,rico.batz@terry.com,e-]k*p.0Ts
7b219a53-242f-3958-8258-488473ef8001,Ms.,Roderick,Borer,"80 Heaney Burg",Silay,Batac,Washington,Vietnam,100-500-295,"(0916) 352-1443","Jacobi Inc",swaniawski.com,"Stationary Engineer",gray,2008-08-24,yharber@cummerata.com,@<-(.G`Z#ZVD4P{jl
f4ca1d42-707f-354f-af3a-c0760aae3679,Mr.,Alanis,Rodriguez,"27A/91 Schmeler Lights Suite 759",Manila,Mandaluyong,Washington,Iceland,367-409-267,"+63 (911) 453-7160",Feest-Casper,daniel.com,"HR Specialist",fuchsia,1999-04-11,onitzsche@smitham.com,je:;N'MN
eb665b6a-7b43-3700-809a-b084d0ab1908,Mr.,Kellie,Gibson,"56/32 Bednar Cliff Suite 128",Iligan,Talisay,Arkansas,"Bosnia and Herzegovina",788-635-593,"+63 (994) 800-3648",Herman-Ryan,kemmer.com,"Insurance Policy Processing Clerk",aqua,2006-03-10,senger.laury@gmail.com,9MEYV_ETiI;
afa79e80-fc58-3b57-9153-053b05bb710b,Mrs.,Elmer,Champlin,"24A/10 Armstrong Green",Samal,Cauayan,Pennsylvania,Martinique,616-697-888,"+63 (937) 814-0797","Feil, Stehr and Boehm",schimmel.com,Bookbinder,silver,2010-07-13,eliezer.lockman@yahoo.com,T_87548;RC4rJ#
8cace264-9ce4-3a83-8c78-8e606498ef70,Dr.,Ericka,Turner,"48A/47 Connelly Field",Tanjay,Tangub,"South Carolina",Azerbaijan,383-854-887,"+63 (989) 114-6495",Powlowski-Nader,reinger.com,"Costume Attendant",white,2001-10-10,jasmin.gutmann@hotmail.com,i:zn(3(G4c=p$9wief@
dcc0fcb1-e5d2-3246-b04c-dec815d7f22a,Prof.,Vivien,Bechtelar,"59 Boyle Overpass Suite 797",Parañaque,Naga,Arizona,"Saint Lucia",969-861-459,"(0931) 166-6525","Lakin, Oberbrunner and Dickinson",aufderhar.com,"Precision Devices Inspector",fuchsia,1999-09-22,mspinka@marks.biz,"_""#gwBO3Hr"
41ce4708-f73b-3723-8e6c-b829cdb4cae6,Miss,Alfonso,Zieme,"01A/63 Lehner Extension",Victorias,Mandaluyong,Georgia,Nauru,080-095-273,"(0949) 845-5460",Lindgren-Donnelly,swaniawski.com,"Office Machine Operator",yellow,1991-07-23,huel.alfonzo@feil.com,"\8""q.u'1"
697925d7-1b0e-3548-8291-d0b99bf47089,Prof.,Jadon,Schulist,"55/18 Hartmann Ford Suite 238",Valencia,Baybay,Texas,Singapore,584-763-209,"+63 (932) 734-9442",Sporer-Rempel,hodkiewicz.org,Archeologist,teal,1987-05-16,toy.litzy@hotmail.com,Fs'+K(
8e75e4d3-05f7-37e8-8f9b-b43fce6028b6,Prof.,Hulda,Mraz,"52/77 Von Turnpike Apt. 870","Batangas City",Lapu-Lapu,"North Dakota","New Zealand",532-126-181,"+63 (906) 166-2307",Borer-Johnston,king.biz,Accountant,black,2011-11-17,zhegmann@powlowski.com,"2chH7K\[.r]%xpbB$t"
f83eb910-69f7-3650-aeed-43319afdaa26,Mr.,Dayton,Eichmann,"35A/97 Jaskolski Shoals","San Jose del Monte",Bogo,Mississippi,Australia,137-500-449,"+63 (908) 772-9392","Kemmer Group",larson.info,"Construction Driller",green,2024-04-10,lina.towne@rice.com,"GcaNq1r]],YrMlG"
ae6c296c-9e00-30fe-8f64-31298c2feb0f,Ms.,Francesca,Schuppe,"23/20 Reichel Fields Apt. 469",Calapan,Bayugan,"North Dakota","Saint Barthelemy",497-000-346,"(0979) 795-3430",Christiansen-Haley,mccullough.info,"Animal Breeder",teal,2006-08-16,hlockman@yahoo.com,"9yNj0kYzt2[c,_fNv"
618a3933-0f2c-3040-adf5-cd5a4066ba79,Dr.,Gregory,Bruen,"76 Ankunding Plains","San Carlos","Cavite City",Connecticut,Angola,885-261-920,"(0979) 343-2201","Grady and Sons",yost.com,Dishwasher,green,2016-07-22,oconnell.lolita@hotmail.com,"j9Y9""'+zDVQ:/5T"
9ea1910d-85ab-3b2e-937b-2271dcedc548,Mr.,Quinten,Gusikowski,"32/17 Abshire Branch Suite 517",Gingoog,Roxas,"North Dakota","Slovakia (Slovak Republic)",068-184-971,"(0817) 432-5741",Yundt-Koelpin,gislason.com,"Customer Service Representative",blue,2017-05-13,dante.wyman@feeney.net,tSlR|*$B+2zcIf
0a5b0383-5fe4-35c3-b0e5-10205fbfefe3,Mrs.,Stephania,Howell,"79 Jacobs Prairie Apt. 925",Samal,Kidapawan,Kentucky,Estonia,633-906-815,"(0944) 795-2784","Stanton Group",flatley.com,"Truck Driver",purple,1987-09-20,clesch@yahoo.com,'=eiAx
96183033-c5dd-3e51-8e03-b562382ce603,Mrs.,Jackson,Macejkovic,"93/49 Ortiz Lakes Suite 343","La Carlota","Masbate City","New Jersey",Guatemala,652-184-605,"+63 (980) 267-6369","Koelpin Ltd",wolf.org,"Craft Artist",purple,2015-09-30,colleen10@gmail.com,MI%Aa>f!U^?`Y{
99e0adbe-7c36-3b19-aa25-39f5ef6bdf7a,Mr.,Rosalyn,Skiles,"08A/61 Greenfelder Key Suite 980",Borongan,Olongapo,"New York",Vanuatu,522-796-822,"(0921) 501-5051","Cormier, Kertzmann and Larson",buckridge.com,"Mechanical Engineer",white,1982-06-19,leffler.francisca@yahoo.com,rSh6>{
3105f19b-1bad-358d-8419-76b185346aff,Mr.,Triston,Harber,"31 Eichmann Springs Suite 436",Tagbilaran,Borongan,Florida,Kazakhstan,591-309-565,"+63 (973) 073-1977","Casper, Konopelski and Wiegand",zemlak.com,"Numerical Tool Programmer OR Process Control Programmer",silver,1982-10-27,grant.hershel@gmail.com,"P"":\bmZfMWw{#"
ba7f20c2-49fe-3a04-8199-a1039097233f,Mr.,Loren,Lakin,"80/60 Greenholt Lock","Puerto Princesa",Legazpi,"Rhode Island",Guernsey,650-864-923,"(0942) 200-4939","Green and Sons",champlin.com,"Animal Breeder",navy,1984-01-21,gjohnston@hotmail.com,7+9PAn#a
910e807c-d762-3774-aad3-20fe12eab773,Ms.,Ebony,Auer,"52/78 Pouros Village",Ozamiz,Ilagan,Indiana,Uzbekistan,092-722-770,"(0917) 125-6362","Toy, Hoeger and Rippin",roberts.org,"Architectural Drafter OR Civil Drafter",fuchsia,2005-01-18,ncassin@yahoo.com,@B{3GG+)68mFhP
0bfadf1b-cf13-3701-8557-c46d2d6e4f6f,Dr.,Nicklaus,Halvorson,"39A/65 Bednar Shoals Suite 573",Valencia,Makati,Idaho,Iraq,893-560-212,"+63 (980) 921-1807","Feil, Casper and Effertz",purdy.com,"Statement Clerk",yellow,1981-02-08,wkuvalis@gmail.com,Fs2/QH(p[p[UX5pZ/7:
1b59ddf2-7e3b-3a31-9128-2ca6251ff08b,Dr.,Candida,Hill,"45/81 Jaskolski Knoll","Cavite City",Biñan,Oklahoma,Iran,370-788-604,"+63 (917) 674-9933","Harris Inc",ernser.com,"Electrolytic Plating Machine Operator",olive,2017-09-25,murazik.lesley@yahoo.com,=wzygFWD?I8>8(A
f44084e8-dfb4-37df-ba93-78a789954b37,Mrs.,Jaylin,Rau,"87A/19 Monahan Branch",Caloocan,"Surigao City","New Jersey",Botswana,886-327-574,"(0979) 095-2818",Hilpert-Kohler,donnelly.com,"Social Sciences Teacher",blue,1999-05-26,jacques.williamson@watsica.com,"A0Bi""}FcB]}{]+.+S~"
96883ade-140d-3be5-9554-410b4aafddc5,Mr.,Abbie,Wilderman,"20A/12 Kiehn Passage Suite 299","Quezon City",Bago,"South Dakota",Belize,259-407-825,"(0998) 366-4474","Kuphal, Bailey and Abshire",brekke.net,"Automotive Glass Installers",blue,1990-02-19,ngerlach@gmail.com,"h&S""R+>~etTIG%"
29b55743-48ec-361a-a7c7-f6701ecd31cc,Dr.,Hugh,Hessel,"79/16 Erdman Pines Apt. 147",Gingoog,Himamaylan,"District of Columbia",Taiwan,144-581-155,"+63 (900) 354-8827",Schmidt-Goodwin,tillman.net,"Night Shift",green,2006-11-01,aufderhar.sterling@huel.info,E;_*}8K&R|H#
9c3e5b80-b537-38a3-81da-e0977c68d62a,Mr.,Wilfred,Bins,"44/24 Jakubowski Row Suite 230",Bayawan,Gapan,Utah,Luxembourg,354-294-257,"+63 (931) 465-6966","Metz, Goodwin and Schoen",grady.com,"Home Appliance Installer",green,1982-11-14,jackie74@gmail.com,"hn`lfH\9@7"
